accession	taxid	bioproject	reason	source_build
DRR046921	107240	PRJDB4273	busco_completeness_below_0.5	angiosperm_leaf_20260928
DRR068959	409282	PRJDB3595	busco_completeness_below_0.5	angiosperm_leaf_20260928
DRR181154	669134	PRJDB8414	busco_completeness_below_0.5	angiosperm_leaf_20260928
DRR255663	157934	PRJDB8685	busco_completeness_below_0.5	angiosperm_leaf_20260928
DRR396287	1837144	PRJDB13958	busco_completeness_below_0.5	angiosperm_leaf_20260928
DRR491362	49212	PRJDB16154	busco_completeness_below_0.5	angiosperm_leaf_20260928
DRR492921	542762	PRJDB16198	busco_completeness_below_0.5	angiosperm_leaf_20260928
DRR518379	318067	PRJDB17181	busco_completeness_below_0.5	angiosperm_leaf_20260928
DRR620892	2162856	PRJDB18951	busco_completeness_below_0.5	angiosperm_leaf_20260928
DRR673920	4505	PRJDB19382	busco_completeness_below_0.5	angiosperm_leaf_20260928
DRR706890	2977363	PRJDB35718	busco_completeness_below_0.5	angiosperm_leaf_20260928
DRR764725	292307	PRJDB34813	busco_completeness_below_0.5	angiosperm_leaf_20260928
DRR841773	1191454	unknown	busco_completeness_below_0.5	angiosperm_leaf_20260928
DRR848194	4532	PRJDB38733	busco_completeness_below_0.5	angiosperm_leaf_20260928
ERR10216300	41398	PRJEB56037	busco_completeness_below_0.5	angiosperm_leaf_20260928
ERR10496189	4500	PRJEB57570	busco_completeness_below_0.5	angiosperm_leaf_20260928
ERR10496282	283872	PRJEB57570	busco_completeness_below_0.5	angiosperm_leaf_20260928
ERR10496541	4498	PRJEB57570	busco_completeness_below_0.5	angiosperm_leaf_20260928
ERR11182513	62890	PRJEB61104	busco_completeness_below_0.5	angiosperm_leaf_20260928
ERR12259820	91168	PRJEB68265	busco_completeness_below_0.5	angiosperm_leaf_20260928
ERR13248989	376124	PRJEB76378	busco_completeness_below_0.5	angiosperm_leaf_20260928
ERR13317829	127999	PRJEB76766	busco_completeness_below_0.5	angiosperm_leaf_20260928
ERR13615214	399650	PRJEB74024	busco_completeness_below_0.5	angiosperm_leaf_20260928
ERR15551454	53160	PRJEB74749	busco_completeness_below_0.5	angiosperm_leaf_20260928
ERR16650981	395328	PRJEB107281	busco_completeness_below_0.5	angiosperm_leaf_20260928
ERR16660979	200027	PRJEB86434	busco_completeness_below_0.5	angiosperm_leaf_20260928
ERR16782130	202778	PRJEB108955	busco_completeness_below_0.5	angiosperm_leaf_20260928
ERR169806	210352	PRJEB3254	busco_completeness_below_0.5	angiosperm_leaf_20260928
ERR2007921	408188	PRJEB21284	busco_completeness_below_0.5	angiosperm_leaf_20260928
ERR2007932	52163	PRJEB21284	busco_completeness_below_0.5	angiosperm_leaf_20260928
ERR2040117	13099	PRJEB21674	busco_completeness_below_0.5	angiosperm_leaf_20260928
ERR2040131	55958	PRJEB21674	busco_completeness_below_0.5	angiosperm_leaf_20260928
ERR2040142	130385	PRJEB21674	busco_completeness_below_0.5	angiosperm_leaf_20260928
ERR2040148	400539	PRJEB21674	busco_completeness_below_0.5	angiosperm_leaf_20260928
ERR2040158	152359	PRJEB21674	busco_completeness_below_0.5	angiosperm_leaf_20260928
ERR2040180	1799567	PRJEB21674	busco_completeness_below_0.5	angiosperm_leaf_20260928
ERR2040187	24957	PRJEB21674	busco_completeness_below_0.5	angiosperm_leaf_20260928
ERR2040223	350892	PRJEB21674	busco_completeness_below_0.5	angiosperm_leaf_20260928
ERR2040224	714108	PRJEB21674	busco_completeness_below_0.5	angiosperm_leaf_20260928
ERR2040225	3589	PRJEB21674	busco_completeness_below_0.5	angiosperm_leaf_20260928
ERR2040226	3597	PRJEB21674	busco_completeness_below_0.5	angiosperm_leaf_20260928
ERR2040237	764185	PRJEB21674	busco_completeness_below_0.5	angiosperm_leaf_20260928
ERR2040251	764924	PRJEB21674	busco_completeness_below_0.5	angiosperm_leaf_20260928
ERR2040296	43368	PRJEB21674	busco_completeness_below_0.5	angiosperm_leaf_20260928
ERR2040302	1799611	PRJEB21674	busco_completeness_below_0.5	angiosperm_leaf_20260928
ERR2040303	1799635	PRJEB21674	busco_completeness_below_0.5	angiosperm_leaf_20260928
ERR2040304	165298	PRJEB21674	busco_completeness_below_0.5	angiosperm_leaf_20260928
ERR2040306	345136	PRJEB21674	busco_completeness_below_0.5	angiosperm_leaf_20260928
ERR2040307	85277	PRJEB21674	busco_completeness_below_0.5	angiosperm_leaf_20260928
ERR2040312	1167264	PRJEB21674	busco_completeness_below_0.5	angiosperm_leaf_20260928
ERR2040313	1799636	PRJEB21674	busco_completeness_below_0.5	angiosperm_leaf_20260928
ERR2040314	40015	PRJEB21674	busco_completeness_below_0.5	angiosperm_leaf_20260928
ERR2040329	1045188	PRJEB21674	busco_completeness_below_0.5	angiosperm_leaf_20260928
ERR2040359	198777	PRJEB21674	busco_completeness_below_0.5	angiosperm_leaf_20260928
ERR2040363	469932	PRJEB21674	busco_completeness_below_0.5	angiosperm_leaf_20260928
ERR2040387	473047	PRJEB21674	busco_completeness_below_0.5	angiosperm_leaf_20260928
ERR2040417	280013	PRJEB21674	busco_completeness_below_0.5	angiosperm_leaf_20260928
ERR2040420	137456	PRJEB21674	busco_completeness_below_0.5	angiosperm_leaf_20260928
ERR2040421	1799579	PRJEB21674	busco_completeness_below_0.5	angiosperm_leaf_20260928
ERR2040422	195662	PRJEB21674	busco_completeness_below_0.5	angiosperm_leaf_20260928
ERR2040424	691237	PRJEB21674	busco_completeness_below_0.5	angiosperm_leaf_20260928
ERR2040426	1799569	PRJEB21674	busco_completeness_below_0.5	angiosperm_leaf_20260928
ERR2040427	133202	PRJEB21674	busco_completeness_below_0.5	angiosperm_leaf_20260928
ERR2040428	32220	PRJEB21674	busco_completeness_below_0.5	angiosperm_leaf_20260928
ERR2040430	32221	PRJEB21674	busco_completeness_below_0.5	angiosperm_leaf_20260928
ERR2040439	87302	PRJEB21674	busco_completeness_below_0.5	angiosperm_leaf_20260928
ERR2040440	126261	PRJEB21674	busco_completeness_below_0.5	angiosperm_leaf_20260928
ERR2040441	381185	PRJEB21674	busco_completeness_below_0.5	angiosperm_leaf_20260928
ERR2040442	311937	PRJEB21674	busco_completeness_below_0.5	angiosperm_leaf_20260928
ERR2040444	1282118	PRJEB21674	busco_completeness_below_0.5	angiosperm_leaf_20260928
ERR2040451	28533	PRJEB21674	busco_completeness_below_0.5	angiosperm_leaf_20260928
ERR2040484	23114	PRJEB21674	busco_completeness_below_0.5	angiosperm_leaf_20260928
ERR2040503	992730	PRJEB21674	busco_completeness_below_0.5	angiosperm_leaf_20260928
ERR2040504	3772	PRJEB21674	busco_completeness_below_0.5	angiosperm_leaf_20260928
ERR2040544	99302	PRJEB21674	busco_completeness_below_0.5	angiosperm_leaf_20260928
ERR2040564	751853	PRJEB21674	busco_completeness_below_0.5	angiosperm_leaf_20260928
ERR2040577	1799617	PRJEB21674	busco_completeness_below_0.5	angiosperm_leaf_20260928
ERR2040596	101996	PRJEB21674	busco_completeness_below_0.5	angiosperm_leaf_20260928
ERR2040630	142759	PRJEB21674	busco_completeness_below_0.5	angiosperm_leaf_20260928
ERR2040633	374014	PRJEB21674	busco_completeness_below_0.5	angiosperm_leaf_20260928
ERR2040686	883015	PRJEB21674	busco_completeness_below_0.5	angiosperm_leaf_20260928
ERR2040687	41502	PRJEB21674	busco_completeness_below_0.5	angiosperm_leaf_20260928
ERR2040690	49078	PRJEB21674	busco_completeness_below_0.5	angiosperm_leaf_20260928
ERR2040707	167572	PRJEB21674	busco_completeness_below_0.5	angiosperm_leaf_20260928
ERR2040722	546490	PRJEB21674	busco_completeness_below_0.5	angiosperm_leaf_20260928
ERR2040736	65774	PRJEB21674	busco_completeness_below_0.5	angiosperm_leaf_20260928
ERR2040748	261227	PRJEB21674	busco_completeness_below_0.5	angiosperm_leaf_20260928
ERR2040756	4722	PRJEB21674	busco_completeness_below_0.5	angiosperm_leaf_20260928
ERR2040768	38723	PRJEB21674	busco_completeness_below_0.5	angiosperm_leaf_20260928
ERR2040771	37723	PRJEB21674	busco_completeness_below_0.5	angiosperm_leaf_20260928
ERR2040790	110913	PRJEB21674	busco_completeness_below_0.5	angiosperm_leaf_20260928
ERR3170351	445034	PRJEB31372	busco_completeness_below_0.5	angiosperm_leaf_20260928
ERR3487345	2602327	PRJEB21674	busco_completeness_below_0.5	angiosperm_leaf_20260928
ERR3487348	2604100	PRJEB21674	busco_completeness_below_0.5	angiosperm_leaf_20260928
ERR3487350	2602390	PRJEB21674	busco_completeness_below_0.5	angiosperm_leaf_20260928
ERR3487353	24736	PRJEB21674	busco_completeness_below_0.5	angiosperm_leaf_20260928
ERR3487372	2604135	PRJEB21674	busco_completeness_below_0.5	angiosperm_leaf_20260928
ERR3487377	2602360	PRJEB21674	busco_completeness_below_0.5	angiosperm_leaf_20260928
ERR3487382	1799577	PRJEB21674	busco_completeness_below_0.5	angiosperm_leaf_20260928
ERR364330	77108	PRJEB4921	busco_completeness_below_0.5	angiosperm_leaf_20260928
ERR668843	1565470	PRJEB7565	busco_completeness_below_0.5	angiosperm_leaf_20260928
ERR668869	1565469	PRJEB7565	busco_completeness_below_0.5	angiosperm_leaf_20260928
ERR6688729	70936	PRJEB47303	busco_completeness_below_0.5	angiosperm_leaf_20260928
ERR9435019	4052	PRJEB47300	busco_completeness_below_0.5	angiosperm_leaf_20260928
SRR035184	323851	PRJNA121611	missing_busco_summary	angiosperm_leaf_20260928
SRR10397478	114280	PRJNA417356	busco_completeness_below_0.5	angiosperm_leaf_20260928
SRR10676745	13748	PRJNA595351	busco_completeness_below_0.5	angiosperm_leaf_20260928
SRR10829620	79835	PRJNA587392	busco_completeness_below_0.5	angiosperm_leaf_20260928
SRR10895314	1112091	PRJNA601117	busco_completeness_below_0.5	angiosperm_leaf_20260928
SRR10915646	321546	PRJNA599443	busco_completeness_below_0.5	angiosperm_leaf_20260928
SRR10915647	433849	PRJNA599443	busco_completeness_below_0.5	angiosperm_leaf_20260928
SRR10915648	217683	PRJNA599443	busco_completeness_below_0.5	angiosperm_leaf_20260928
SRR10915649	208276	PRJNA599443	busco_completeness_below_0.5	angiosperm_leaf_20260928
SRR11103284	239086	PRJNA607103	busco_completeness_below_0.5	angiosperm_leaf_20260928
SRR11126658	226208	PRJNA601611	busco_completeness_below_0.5	angiosperm_leaf_20260928
SRR11305035	434635	PRJNA551419	busco_completeness_below_0.5	angiosperm_leaf_20260928
SRR11341452	2665452	PRJNA613108	busco_completeness_below_0.5	angiosperm_leaf_20260928
SRR11487673	241203	PRJNA622490	busco_completeness_below_0.5	angiosperm_leaf_20260928
SRR11487676	1497442	PRJNA622490	busco_completeness_below_0.5	angiosperm_leaf_20260928
SRR11487677	191233	PRJNA622490	busco_completeness_below_0.5	angiosperm_leaf_20260928
SRR11487678	50243	PRJNA622490	busco_completeness_below_0.5	angiosperm_leaf_20260928
SRR11487679	212754	PRJNA622490	busco_completeness_below_0.5	angiosperm_leaf_20260928
SRR11487700	380077	PRJNA622490	busco_completeness_below_0.5	angiosperm_leaf_20260928
SRR11487704	469780	PRJNA622490	busco_completeness_below_0.5	angiosperm_leaf_20260928
SRR1153471	141206	PRJNA215017	busco_completeness_below_0.5	angiosperm_leaf_20260928
SRR11573027	1054457	PRJNA624798	busco_completeness_below_0.5	angiosperm_leaf_20260928
SRR11573028	50544	PRJNA624798	busco_completeness_below_0.5	angiosperm_leaf_20260928
SRR11573030	703397	PRJNA624798	busco_completeness_below_0.5	angiosperm_leaf_20260928
SRR11573031	2726061	PRJNA624798	busco_completeness_below_0.5	angiosperm_leaf_20260928
SRR11573034	383670	PRJNA624798	busco_completeness_below_0.5	angiosperm_leaf_20260928
SRR11573074	2726048	PRJNA624798	busco_completeness_below_0.5	angiosperm_leaf_20260928
SRR11573075	354617	PRJNA624798	busco_completeness_below_0.5	angiosperm_leaf_20260928
SRR11573077	386184	PRJNA624798	busco_completeness_below_0.5	angiosperm_leaf_20260928
SRR11573083	2726045	PRJNA624798	busco_completeness_below_0.5	angiosperm_leaf_20260928
SRR11573089	486424	PRJNA624798	busco_completeness_below_0.5	angiosperm_leaf_20260928
SRR11573090	2728830	PRJNA624798	busco_completeness_below_0.5	angiosperm_leaf_20260928
SRR11573091	447109	PRJNA624798	busco_completeness_below_0.5	angiosperm_leaf_20260928
SRR11573092	2806871	PRJNA624798	busco_completeness_below_0.5	angiosperm_leaf_20260928
SRR11573093	386173	PRJNA624798	busco_completeness_below_0.5	angiosperm_leaf_20260928
SRR11573094	931233	PRJNA624798	busco_completeness_below_0.5	angiosperm_leaf_20260928
SRR11573103	2726053	PRJNA624798	busco_completeness_below_0.5	angiosperm_leaf_20260928
SRR11573105	2726056	PRJNA624798	busco_completeness_below_0.5	angiosperm_leaf_20260928
SRR11573114	515852	PRJNA624798	busco_completeness_below_0.5	angiosperm_leaf_20260928
SRR11573125	418490	PRJNA624798	busco_completeness_below_0.5	angiosperm_leaf_20260928
SRR11573130	515877	PRJNA624798	busco_completeness_below_0.5	angiosperm_leaf_20260928
SRR11573131	85297	PRJNA624798	busco_completeness_below_0.5	angiosperm_leaf_20260928
SRR11573132	386253	PRJNA624798	busco_completeness_below_0.5	angiosperm_leaf_20260928
SRR11573136	475764	PRJNA624798	busco_completeness_below_0.5	angiosperm_leaf_20260928
SRR11573137	685060	PRJNA624798	busco_completeness_below_0.5	angiosperm_leaf_20260928
SRR11573139	2726041	PRJNA624798	busco_completeness_below_0.5	angiosperm_leaf_20260928
SRR11573140	2726038	PRJNA624798	busco_completeness_below_0.5	angiosperm_leaf_20260928
SRR11573141	2726063	PRJNA624798	busco_completeness_below_0.5	angiosperm_leaf_20260928
SRR11573142	459633	PRJNA624798	busco_completeness_below_0.5	angiosperm_leaf_20260928
SRR11573143	676073	PRJNA624798	busco_completeness_below_0.5	angiosperm_leaf_20260928
SRR11573144	1144458	PRJNA624798	busco_completeness_below_0.5	angiosperm_leaf_20260928
SRR11573147	282652	PRJNA624798	busco_completeness_below_0.5	angiosperm_leaf_20260928
SRR11573151	761007	PRJNA624798	busco_completeness_below_0.5	angiosperm_leaf_20260928
SRR11603223	186128	PRJNA627819	busco_completeness_below_0.5	angiosperm_leaf_20260928
SRR1171629	4536	PRJNA48107	busco_completeness_below_0.5	angiosperm_leaf_20260928
SRR1171845	45687	PRJNA238485	busco_completeness_below_0.5	angiosperm_leaf_20260928
SRR11744220	23207	PRJNA630305	busco_completeness_below_0.5	angiosperm_leaf_20260928
SRR1177663	2908012	PRJNA238485	busco_completeness_below_0.5	angiosperm_leaf_20260928
SRR11829747	126758	PRJNA634451	busco_completeness_below_0.5	angiosperm_leaf_20260928
SRR11853650	254920	PRJNA635243	busco_completeness_below_0.5	angiosperm_leaf_20260928
SRR11862600	1390545	PRJNA634987	busco_completeness_below_0.5	angiosperm_leaf_20260928
SRR11862870	2739505	PRJNA635206	busco_completeness_below_0.5	angiosperm_leaf_20260928
SRR11947064	2742521	PRJNA636634	busco_completeness_below_0.5	angiosperm_leaf_20260928
SRR11947067	79358	PRJNA636634	busco_completeness_below_0.5	angiosperm_leaf_20260928
SRR11947068	83689	PRJNA636634	busco_completeness_below_0.5	angiosperm_leaf_20260928
SRR11947069	2742526	PRJNA636634	busco_completeness_below_0.5	angiosperm_leaf_20260928
SRR1199374	1476852	PRJNA182108	missing_busco_summary	angiosperm_leaf_20260928
SRR1199375	1476854	PRJNA182108	missing_busco_summary	angiosperm_leaf_20260928
SRR12007197	49618	PRJNA636634	busco_completeness_below_0.5	angiosperm_leaf_20260928
SRR12007203	363217	PRJNA636634	busco_completeness_below_0.5	angiosperm_leaf_20260928
SRR12009648	3586	PRJNA636634	busco_completeness_below_0.5	angiosperm_leaf_20260928
SRR12009667	197454	PRJNA636634	busco_completeness_below_0.5	angiosperm_leaf_20260928
SRR12014228	253072	PRJNA636634	busco_completeness_below_0.5	angiosperm_leaf_20260928
SRR12034780	28496	PRJNA636634	busco_completeness_below_0.5	angiosperm_leaf_20260928
SRR1206878	48106	PRJNA193660	busco_completeness_below_0.5	angiosperm_leaf_20260928
SRR12149014	1954239	PRJNA644206	busco_completeness_below_0.5	angiosperm_leaf_20260928
SRR12486599	489322	PRJNA658368	busco_completeness_below_0.5	angiosperm_leaf_20260928
SRR12513791	46367	PRJNA659118	busco_completeness_below_0.5	angiosperm_leaf_20260928
SRR12516448	180581	PRJNA659274	busco_completeness_below_0.5	angiosperm_leaf_20260928
SRR12542196	4153	PRJNA660052	busco_completeness_below_0.5	angiosperm_leaf_20260928
SRR12578553	875672	PRJNA661171	busco_completeness_below_0.5	angiosperm_leaf_20260928
SRR12660995	103762	PRJNA600525	busco_completeness_below_0.5	angiosperm_leaf_20260928
SRR12682974	65557	PRJNA664778	busco_completeness_below_0.5	angiosperm_leaf_20260928
SRR12698650	53587	PRJNA665243	busco_completeness_below_0.5	angiosperm_leaf_20260928
SRR12698703	121897	PRJNA665243	busco_completeness_below_0.5	angiosperm_leaf_20260928
SRR12832691	130296	PRJNA636629	busco_completeness_below_0.5	angiosperm_leaf_20260928
SRR12887733	168829	PRJNA671618	busco_completeness_below_0.5	angiosperm_leaf_20260928
SRR1298998	478097	PRJNA248260	busco_completeness_below_0.5	angiosperm_leaf_20260928
SRR13240958	29662	PRJNA683731	busco_completeness_below_0.5	angiosperm_leaf_20260928
SRR13338370	49464	PRJNA687836	busco_completeness_below_0.5	angiosperm_leaf_20260928
SRR13338408	479658	PRJNA687836	busco_completeness_below_0.5	angiosperm_leaf_20260928
SRR13338468	118361	PRJNA687836	busco_completeness_below_0.5	angiosperm_leaf_20260928
SRR13338469	75577	PRJNA687836	busco_completeness_below_0.5	angiosperm_leaf_20260928
SRR13338486	224345	PRJNA687836	busco_completeness_below_0.5	angiosperm_leaf_20260928
SRR13338488	313321	PRJNA687836	busco_completeness_below_0.5	angiosperm_leaf_20260928
SRR13338495	118364	PRJNA687836	busco_completeness_below_0.5	angiosperm_leaf_20260928
SRR13338497	880079	PRJNA687836	busco_completeness_below_0.5	angiosperm_leaf_20260928
SRR13338500	2755475	PRJNA687836	busco_completeness_below_0.5	angiosperm_leaf_20260928
SRR13338504	118352	PRJNA687836	busco_completeness_below_0.5	angiosperm_leaf_20260928
SRR13338505	224351	PRJNA687836	busco_completeness_below_0.5	angiosperm_leaf_20260928
SRR13338506	313334	PRJNA687836	busco_completeness_below_0.5	angiosperm_leaf_20260928
SRR13338507	2800031	PRJNA687836	busco_completeness_below_0.5	angiosperm_leaf_20260928
SRR13338508	2755311	PRJNA687836	busco_completeness_below_0.5	angiosperm_leaf_20260928
SRR13338509	187151	PRJNA687836	busco_completeness_below_0.5	angiosperm_leaf_20260928
SRR13338512	118365	PRJNA687836	busco_completeness_below_0.5	angiosperm_leaf_20260928
SRR13338516	78644	PRJNA687836	busco_completeness_below_0.5	angiosperm_leaf_20260928
SRR13338534	182161	PRJNA687836	busco_completeness_below_0.5	angiosperm_leaf_20260928
SRR13338618	1044980	PRJNA687836	busco_completeness_below_0.5	angiosperm_leaf_20260928
SRR13449998	37490	PRJNA692678	busco_completeness_below_0.5	angiosperm_leaf_20260928
SRR13528763	99292	PRJNA694827	busco_completeness_below_0.5	angiosperm_leaf_20260928
SRR13528764	186522	PRJNA694828	busco_completeness_below_0.5	angiosperm_leaf_20260928
SRR13760201	127134	PRJNA703780	busco_completeness_below_0.5	angiosperm_leaf_20260928
SRR13761662	127123	PRJNA703845	busco_completeness_below_0.5	angiosperm_leaf_20260928
SRR13767691	1752769	PRJNA704234	busco_completeness_below_0.5	angiosperm_leaf_20260928
SRR13767936	342017	PRJNA704244	busco_completeness_below_0.5	angiosperm_leaf_20260928
SRR13773850	159036	PRJNA704425	busco_completeness_below_0.5	angiosperm_leaf_20260928
SRR13782121	127126	PRJNA704803	busco_completeness_below_0.5	angiosperm_leaf_20260928
SRR13836938	213592	PRJNA705161	busco_completeness_below_0.5	angiosperm_leaf_20260928
SRR13842403	2816038	PRJNA704854	busco_completeness_below_0.5	angiosperm_leaf_20260928
SRR13856328	1289414	PRJNA706599	busco_completeness_below_0.5	angiosperm_leaf_20260928
SRR13912249	873029	PRJNA708198	busco_completeness_below_0.5	angiosperm_leaf_20260928
SRR14085702	44947	PRJNA704546	busco_completeness_below_0.5	angiosperm_leaf_20260928
SRR14144073	391793	PRJNA719804	busco_completeness_below_0.5	angiosperm_leaf_20260928
SRR14320406	19953	PRJNA722646	busco_completeness_below_0.5	angiosperm_leaf_20260928
SRR14354850	88033	PRJNA717124	busco_completeness_below_0.5	angiosperm_leaf_20260928
SRR1438228	3420723	PRJNA251947	busco_completeness_below_0.5	angiosperm_leaf_20260928
SRR14480052	2834445	PRJNA728643	busco_completeness_below_0.5	angiosperm_leaf_20260928
SRR14493599	74859	PRJNA728818	busco_completeness_below_0.5	angiosperm_leaf_20260928
SRR14561442	691185	PRJNA730370	busco_completeness_below_0.5	angiosperm_leaf_20260928
SRR15143244	1824557	PRJNA746623	busco_completeness_below_0.5	angiosperm_leaf_20260928
SRR15195266	34205	PRJNA748165	busco_completeness_below_0.5	angiosperm_leaf_20260928
SRR15195624	35876	PRJNA748177	busco_completeness_below_0.5	angiosperm_leaf_20260928
SRR15204660	136217	PRJNA660606	busco_completeness_below_0.5	angiosperm_leaf_20260928
SRR15206984	226113	PRJNA748565	busco_completeness_below_0.5	angiosperm_leaf_20260928
SRR15221490	285590	PRJNA749156	busco_completeness_below_0.5	angiosperm_leaf_20260928
SRR15294823	487651	PRJNA750610	busco_completeness_below_0.5	angiosperm_leaf_20260928
SRR15294965	531827	PRJNA750601	busco_completeness_below_0.5	angiosperm_leaf_20260928
SRR15295023	1440068	PRJNA750603	busco_completeness_below_0.5	angiosperm_leaf_20260928
SRR15538961	1293079	PRJNA753546	busco_completeness_below_0.5	angiosperm_leaf_20260928
SRR15676288	309271	PRJNA759132	busco_completeness_below_0.5	angiosperm_leaf_20260928
SRR15693952	1501461	PRJNA759697	busco_completeness_below_0.5	angiosperm_leaf_20260928
SRR15709775	385351	PRJNA759940	busco_completeness_below_0.5	angiosperm_leaf_20260928
SRR15728942	39905	PRJNA760819	busco_completeness_below_0.5	angiosperm_leaf_20260928
SRR15890667	180018	PRJNA762923	busco_completeness_below_0.5	angiosperm_leaf_20260928
SRR15891021	180189	PRJNA762925	busco_completeness_below_0.5	angiosperm_leaf_20260928
SRR15897252	39349	PRJNA762926	busco_completeness_below_0.5	angiosperm_leaf_20260928
SRR1592477	1550246	PRJNA262578	missing_busco_summary	angiosperm_leaf_20260928
SRR16148388	2879656	PRJNA767123	busco_completeness_below_0.5	angiosperm_leaf_20260928
SRR16148393	2879668	PRJNA767123	busco_completeness_below_0.5	angiosperm_leaf_20260928
SRR16148394	3422730	PRJNA767123	busco_completeness_below_0.5	angiosperm_leaf_20260928
SRR16148399	3422727	PRJNA767123	busco_completeness_below_0.5	angiosperm_leaf_20260928
SRR16148401	3422726	PRJNA767123	busco_completeness_below_0.5	angiosperm_leaf_20260928
SRR16157109	2879675	PRJNA767181	busco_completeness_below_0.5	angiosperm_leaf_20260928
SRR16157111	2879673	PRJNA767181	busco_completeness_below_0.5	angiosperm_leaf_20260928
SRR16157113	2879671	PRJNA767181	busco_completeness_below_0.5	angiosperm_leaf_20260928
SRR16157120	2879669	PRJNA767181	busco_completeness_below_0.5	angiosperm_leaf_20260928
SRR16190347	1277777	PRJNA768128	busco_completeness_below_0.5	angiosperm_leaf_20260928
SRR16508136	48032	PRJNA773193	busco_completeness_below_0.5	angiosperm_leaf_20260928
SRR16508332	1170855	PRJNA773200	busco_completeness_below_0.5	angiosperm_leaf_20260928
SRR1653290	305658	PRJNA267462	busco_completeness_below_0.5	angiosperm_leaf_20260928
SRR1653607	204149	PRJNA267195	busco_completeness_below_0.5	angiosperm_leaf_20260928
SRR16572822	123676	PRJNA774471	busco_completeness_below_0.5	angiosperm_leaf_20260928
SRR16599359	97729	PRJNA712941	busco_completeness_below_0.5	angiosperm_leaf_20260928
SRR16757912	91248	PRJNA777385	busco_completeness_below_0.5	angiosperm_leaf_20260928
SRR16767625	1504633	PRJNA777108	busco_completeness_below_0.5	angiosperm_leaf_20260928
SRR16883148	65558	PRJNA778809	busco_completeness_below_0.5	angiosperm_leaf_20260928
SRR16889012	140109	PRJNA778959	busco_completeness_below_0.5	angiosperm_leaf_20260928
SRR16938193	355332	PRJNA780086	busco_completeness_below_0.5	angiosperm_leaf_20260928
SRR16961110	3795	PRJNA780969	busco_completeness_below_0.5	angiosperm_leaf_20260928
SRR16991867	3634	PRJNA781420	busco_completeness_below_0.5	angiosperm_leaf_20260928
SRR17073187	63500	PRJNA782486	busco_completeness_below_0.5	angiosperm_leaf_20260928
SRR1713304	312789	PRJNA270299	busco_completeness_below_0.5	angiosperm_leaf_20260928
SRR17179813	681482	PRJNA779437	busco_completeness_below_0.5	angiosperm_leaf_20260928
SRR17201904	1735966	PRJNA788024	busco_completeness_below_0.5	angiosperm_leaf_20260928
SRR17224334	29664	PRJNA788546	busco_completeness_below_0.5	angiosperm_leaf_20260928
SRR17245885	72332	PRJNA786745	busco_completeness_below_0.5	angiosperm_leaf_20260928
SRR17284690	1288010	PRJNA791142	busco_completeness_below_0.5	angiosperm_leaf_20260928
SRR17665623	230571	PRJNA317244	busco_completeness_below_0.5	angiosperm_leaf_20260928
SRR18094572	13731	PRJNA634996	busco_completeness_below_0.5	angiosperm_leaf_20260928
SRR18139183	1530311	PRJNA809041	busco_completeness_below_0.5	angiosperm_leaf_20260928
SRR18392363	1729104	PRJNA818072	busco_completeness_below_0.5	angiosperm_leaf_20260928
SRR18449574	175518	PRJNA817364	busco_completeness_below_0.5	angiosperm_leaf_20260928
SRR18449582	1238153	PRJNA817364	busco_completeness_below_0.5	angiosperm_leaf_20260928
SRR18449583	139224	PRJNA817364	busco_completeness_below_0.5	angiosperm_leaf_20260928
SRR18449624	1962071	PRJNA817364	busco_completeness_below_0.5	angiosperm_leaf_20260928
SRR18554143	1009508	PRJNA821362	busco_completeness_below_0.5	angiosperm_leaf_20260928
SRR18794126	2602257	PRJNA826692	busco_completeness_below_0.5	angiosperm_leaf_20260928
SRR18904434	3702	PRJNA803815	busco_completeness_below_0.5	angiosperm_leaf_20260928
SRR18909619	127630	PRJNA827705	busco_completeness_below_0.5	angiosperm_leaf_20260928
SRR18909661	225621	PRJNA827705	busco_completeness_below_0.5	angiosperm_leaf_20260928
SRR18909664	225659	PRJNA827705	busco_completeness_below_0.5	angiosperm_leaf_20260928
SRR18909666	374015	PRJNA827705	busco_completeness_below_0.5	angiosperm_leaf_20260928
SRR18909683	2937038	PRJNA827705	busco_completeness_below_0.5	angiosperm_leaf_20260928
SRR18909693	33123	PRJNA827705	busco_completeness_below_0.5	angiosperm_leaf_20260928
SRR19034919	150409	PRJNA832031	busco_completeness_below_0.5	angiosperm_leaf_20260928
SRR19179837	590258	PRJNA752894	busco_completeness_below_0.5	angiosperm_leaf_20260928
SRR19179844	85283	PRJNA752894	busco_completeness_below_0.5	angiosperm_leaf_20260928
SRR19179857	98864	PRJNA752894	busco_completeness_below_0.5	angiosperm_leaf_20260928
SRR19182624	15008	PRJNA752894	busco_completeness_below_0.5	angiosperm_leaf_20260928
SRR19237483	883807	PRJNA837288	busco_completeness_below_0.5	angiosperm_leaf_20260928
SRR19237484	39382	PRJNA837288	busco_completeness_below_0.5	angiosperm_leaf_20260928
SRR19266734	2811441	PRJNA665925	busco_completeness_below_0.5	angiosperm_leaf_20260928
SRR19266759	542717	PRJNA665925	busco_completeness_below_0.5	angiosperm_leaf_20260928
SRR19360591	29711	PRJNA839863	busco_completeness_below_0.5	angiosperm_leaf_20260928
SRR19403477	542729	PRJNA842143	busco_completeness_below_0.5	angiosperm_leaf_20260928
SRR19403486	542727	PRJNA842143	busco_completeness_below_0.5	angiosperm_leaf_20260928
SRR19549402	46397	PRJNA845005	busco_completeness_below_0.5	angiosperm_leaf_20260928
SRR19725864	145754	PRJNA850108	busco_completeness_below_0.5	angiosperm_leaf_20260928
SRR20083569	2768810	PRJNA680907	busco_completeness_below_0.5	angiosperm_leaf_20260928
SRR20212004	1633205	PRJNA858666	busco_completeness_below_0.5	angiosperm_leaf_20260928
SRR2052640	143042	PRJNA285831	busco_completeness_below_0.5	angiosperm_leaf_20260928
SRR20727352	1225685	PRJNA863923	busco_completeness_below_0.5	angiosperm_leaf_20260928
SRR2093712	663351	PRJNA289152	busco_completeness_below_0.5	angiosperm_leaf_20260928
SRR21236231	269116	PRJNA873791	busco_completeness_below_0.5	angiosperm_leaf_20260928
SRR21427574	2024910	PRJNA874201	busco_completeness_below_0.5	angiosperm_leaf_20260928
SRR2153899	63442	PRJNA291630	busco_completeness_below_0.5	angiosperm_leaf_20260928
SRR21589274	2978058	PRJNA876790	busco_completeness_below_0.5	angiosperm_leaf_20260928
SRR21619435	2978467	PRJNA752894	busco_completeness_below_0.5	angiosperm_leaf_20260928
SRR21619438	1353283	PRJNA873791	busco_completeness_below_0.5	angiosperm_leaf_20260928
SRR21619451	122118	PRJNA881753	busco_completeness_below_0.5	angiosperm_leaf_20260928
SRR21901532	39367	PRJNA830648	busco_completeness_below_0.5	angiosperm_leaf_20260928
SRR22045962	180675	PRJNA894464	busco_completeness_below_0.5	angiosperm_leaf_20260928
SRR22058076	2529944	PRJNA894592	busco_completeness_below_0.5	angiosperm_leaf_20260928
SRR22114997	2992182	PRJNA894963	busco_completeness_below_0.5	angiosperm_leaf_20260928
SRR22404876	157786	PRJNA905097	busco_completeness_below_0.5	angiosperm_leaf_20260928
SRR22437284	318063	PRJNA905909	busco_completeness_below_0.5	angiosperm_leaf_20260928
SRR22827399	347529	PRJNA902738	busco_completeness_below_0.5	angiosperm_leaf_20260928
SRR22863580	40321	PRJNA914908	busco_completeness_below_0.5	angiosperm_leaf_20260928
SRR22947415	416286	PRJNA917232	busco_completeness_below_0.5	angiosperm_leaf_20260928
SRR2296978	1520936	PRJNA289196	busco_completeness_below_0.5	angiosperm_leaf_20260928
SRR23584197	108878	PRJNA558793	busco_completeness_below_0.5	angiosperm_leaf_20260928
SRR23719576	102211	PRJNA941947	busco_completeness_below_0.5	angiosperm_leaf_20260928
SRR24181929	2973978	PRJNA952524	busco_completeness_below_0.5	angiosperm_leaf_20260928
SRR24273507	278654	PRJNA957128	busco_completeness_below_0.5	angiosperm_leaf_20260928
SRR24424923	49817	PRJNA967133	busco_completeness_below_0.5	angiosperm_leaf_20260928
SRR24630295	4120	PRJNA973635	busco_completeness_below_0.5	angiosperm_leaf_20260928
SRR24911327	3847	PRJNA983388	busco_completeness_below_0.5	angiosperm_leaf_20260928
SRR24956619	1313103	PRJNA976033	busco_completeness_below_0.5	angiosperm_leaf_20260928
SRR25056927	3053788	PRJNA982071	busco_completeness_below_0.5	angiosperm_leaf_20260928
SRR25056929	3053786	PRJNA982071	busco_completeness_below_0.5	angiosperm_leaf_20260928
SRR25056931	3053784	PRJNA982071	busco_completeness_below_0.5	angiosperm_leaf_20260928
SRR25056933	3053782	PRJNA982071	busco_completeness_below_0.5	angiosperm_leaf_20260928
SRR25056935	3053794	PRJNA982071	busco_completeness_below_0.5	angiosperm_leaf_20260928
SRR25056936	3053793	PRJNA982071	busco_completeness_below_0.5	angiosperm_leaf_20260928
SRR25056937	3053792	PRJNA982071	busco_completeness_below_0.5	angiosperm_leaf_20260928
SRR25056939	3053790	PRJNA982071	busco_completeness_below_0.5	angiosperm_leaf_20260928
SRR25056940	3053787	PRJNA982071	busco_completeness_below_0.5	angiosperm_leaf_20260928
SRR25056943	3053789	PRJNA982071	busco_completeness_below_0.5	angiosperm_leaf_20260928
SRR25056944	3053780	PRJNA982071	busco_completeness_below_0.5	angiosperm_leaf_20260928
SRR25056945	3053779	PRJNA982071	busco_completeness_below_0.5	angiosperm_leaf_20260928
SRR25212066	202969	PRJNA992678	busco_completeness_below_0.5	angiosperm_leaf_20260928
SRR25212107	1922344	PRJNA991076	busco_completeness_below_0.5	angiosperm_leaf_20260928
SRR25295424	38716	PRJNA948693	busco_completeness_below_0.5	angiosperm_leaf_20260928
SRR25342341	586382	PRJNA995754	busco_completeness_below_0.5	angiosperm_leaf_20260928
SRR25408041	2490295	PRJNA998093	busco_completeness_below_0.5	angiosperm_leaf_20260928
SRR25421586	157749	PRJNA998483	busco_completeness_below_0.5	angiosperm_leaf_20260928
SRR25458923	387595	PRJNA948693	busco_completeness_below_0.5	angiosperm_leaf_20260928
SRR25644120	796839	PRJNA1004765	busco_completeness_below_0.5	angiosperm_leaf_20260928
SRR25775951	1071199	PRJNA1010129	busco_completeness_below_0.5	angiosperm_leaf_20260928
SRR25870370	152736	PRJNA1011908	busco_completeness_below_0.5	angiosperm_leaf_20260928
SRR26076561	345098	PRJNA1018087	busco_completeness_below_0.5	angiosperm_leaf_20260928
SRR26082556	73575	PRJNA684565	busco_completeness_below_0.5	angiosperm_leaf_20260928
SRR26392757	50461	PRJNA575831	busco_completeness_below_0.5	angiosperm_leaf_20260928
SRR26459358	151069	PRJNA1030889	busco_completeness_below_0.5	angiosperm_leaf_20260928
SRR26620347	347648	PRJNA1018986	busco_completeness_below_0.5	angiosperm_leaf_20260928
SRR26620436	2563477	PRJNA1018986	busco_completeness_below_0.5	angiosperm_leaf_20260928
SRR26627467	197122	PRJNA1034537	busco_completeness_below_0.5	angiosperm_leaf_20260928
SRR26699516	227494	PRJNA1036542	busco_completeness_below_0.5	angiosperm_leaf_20260928
SRR26858724	62886	PRJNA1041742	busco_completeness_below_0.5	angiosperm_leaf_20260928
SRR26994926	83308	PRJNA687623	busco_completeness_below_0.5	angiosperm_leaf_20260928
SRR27130544	69919	PRJNA1049363	busco_completeness_below_0.5	angiosperm_leaf_20260928
SRR27211936	3106216	PRJNA1050176	busco_completeness_below_0.5	angiosperm_leaf_20260928
SRR27216483	4054	PRJNA1052978	busco_completeness_below_0.5	angiosperm_leaf_20260928
SRR27319339	97441	PRJNA1054769	busco_completeness_below_0.5	angiosperm_leaf_20260928
SRR27341218	33114	PRJNA1056267	busco_completeness_below_0.5	angiosperm_leaf_20260928
SRR27372010	3144444	PRJNA1055330	busco_completeness_below_0.5	angiosperm_leaf_20260928
SRR2739910	261532	PRJNA299340	busco_completeness_below_0.5	angiosperm_leaf_20260928
SRR27460107	4146	PRJNA1054530	busco_completeness_below_0.5	angiosperm_leaf_20260928
SRR27535887	85571	PRJNA1064391	busco_completeness_below_0.5	angiosperm_leaf_20260928
SRR27731480	3513	PRJNA1021599	busco_completeness_below_0.5	angiosperm_leaf_20260928
SRR27885842	142860	PRJNA1070402	busco_completeness_below_0.5	angiosperm_leaf_20260928
SRR27895355	1455567	PRJNA1073990	busco_completeness_below_0.5	angiosperm_leaf_20260928
SRR27999910	339784	PRJNA1073764	busco_completeness_below_0.5	angiosperm_leaf_20260928
SRR27999911	337405	PRJNA1073844	busco_completeness_below_0.5	angiosperm_leaf_20260928
SRR28087327	4511	PRJNA1080237	busco_completeness_below_0.5	angiosperm_leaf_20260928
SRR28121468	87075	PRJNA1080052	busco_completeness_below_0.5	angiosperm_leaf_20260928
SRR28121592	378243	PRJNA1080052	busco_completeness_below_0.5	angiosperm_leaf_20260928
SRR28289108	108881	PRJNA691024	busco_completeness_below_0.5	angiosperm_leaf_20260928
SRR28389625	205578	PRJNA1078428	busco_completeness_below_0.5	angiosperm_leaf_20260928
SRR28413004	57577	PRJNA1090547	missing_busco_summary	angiosperm_leaf_20260928
SRR28435025	1898829	PRJNA1091223	busco_completeness_below_0.5	angiosperm_leaf_20260928
SRR28533349	265423	PRJNA1078428	busco_completeness_below_0.5	angiosperm_leaf_20260928
SRR28546375	267266	PRJNA1078428	busco_completeness_below_0.5	angiosperm_leaf_20260928
SRR28547211	282179	PRJNA1078428	busco_completeness_below_0.5	angiosperm_leaf_20260928
SRR28547368	2801106	PRJNA1078428	busco_completeness_below_0.5	angiosperm_leaf_20260928
SRR28556911	3137581	PRJNA1078428	busco_completeness_below_0.5	angiosperm_leaf_20260928
SRR28637142	4043	PRJNA1099309	busco_completeness_below_0.5	angiosperm_leaf_20260928
SRR28673948	130414	PRJNA1097210	busco_completeness_below_0.5	angiosperm_leaf_20260928
SRR28788848	648882	PRJNA942017	busco_completeness_below_0.5	angiosperm_leaf_20260928
SRR28816041	2598620	PRJNA1078428	busco_completeness_below_0.5	angiosperm_leaf_20260928
SRR28816044	2598616	PRJNA1078428	busco_completeness_below_0.5	angiosperm_leaf_20260928
SRR28871495	508682	PRJNA1107109	busco_completeness_below_0.5	angiosperm_leaf_20260928
SRR28891692	2835110	PRJNA1078428	busco_completeness_below_0.5	angiosperm_leaf_20260928
SRR28891796	2072293	PRJNA1078428	busco_completeness_below_0.5	angiosperm_leaf_20260928
SRR28891797	265403	PRJNA1078428	busco_completeness_below_0.5	angiosperm_leaf_20260928
SRR28906323	744125	PRJNA1078428	busco_completeness_below_0.5	angiosperm_leaf_20260928
SRR28906865	329804	PRJNA1078428	busco_completeness_below_0.5	angiosperm_leaf_20260928
SRR28910061	2598635	PRJNA1078428	busco_completeness_below_0.5	angiosperm_leaf_20260928
SRR28958732	3144629	PRJNA1078428	busco_completeness_below_0.5	angiosperm_leaf_20260928
SRR28958898	3144637	PRJNA1078428	busco_completeness_below_0.5	angiosperm_leaf_20260928
SRR29000694	2946482	PRJNA1109552	busco_completeness_below_0.5	angiosperm_leaf_20260928
SRR29188269	213062	PRJNA1090267	busco_completeness_below_0.5	angiosperm_leaf_20260928
SRR29188354	3155959	PRJNA1090267	busco_completeness_below_0.5	angiosperm_leaf_20260928
SRR29225315	218618	PRJNA1117523	busco_completeness_below_0.5	angiosperm_leaf_20260928
SRR29262887	857534	PRJNA1119410	busco_completeness_below_0.5	angiosperm_leaf_20260928
SRR29262890	106883	PRJNA1119410	busco_completeness_below_0.5	angiosperm_leaf_20260928
SRR29262975	330580	PRJNA1119410	busco_completeness_below_0.5	angiosperm_leaf_20260928
SRR29299107	1240363	PRJNA1013256	busco_completeness_below_0.5	angiosperm_leaf_20260928
SRR29299194	1089623	PRJNA1120003	busco_completeness_below_0.5	angiosperm_leaf_20260928
SRR29299200	1224788	PRJNA1120003	busco_completeness_below_0.5	angiosperm_leaf_20260928
SRR29299204	212700	PRJNA1120003	busco_completeness_below_0.5	angiosperm_leaf_20260928
SRR29299207	167626	PRJNA1120003	busco_completeness_below_0.5	angiosperm_leaf_20260928
SRR29299214	58886	PRJNA1120003	busco_completeness_below_0.5	angiosperm_leaf_20260928
SRR29299215	1231558	PRJNA1120003	busco_completeness_below_0.5	angiosperm_leaf_20260928
SRR29299222	1231548	PRJNA1120003	busco_completeness_below_0.5	angiosperm_leaf_20260928
SRR29299227	149652	PRJNA1120003	busco_completeness_below_0.5	angiosperm_leaf_20260928
SRR29299231	132441	PRJNA1120003	busco_completeness_below_0.5	angiosperm_leaf_20260928
SRR29299237	140906	PRJNA1120003	busco_completeness_below_0.5	angiosperm_leaf_20260928
SRR29299415	160571	PRJNA1013274	busco_completeness_below_0.5	angiosperm_leaf_20260928
SRR29348158	171875	PRJNA1013294	busco_completeness_below_0.5	angiosperm_leaf_20260928
SRR29348163	42569	PRJNA1013279	busco_completeness_below_0.5	angiosperm_leaf_20260928
SRR29348423	641920	PRJNA1013278	busco_completeness_below_0.5	angiosperm_leaf_20260928
SRR29348962	349391	PRJNA1013277	busco_completeness_below_0.5	angiosperm_leaf_20260928
SRR29353572	1353443	PRJNA1121057	busco_completeness_below_0.5	angiosperm_leaf_20260928
SRR29366249	4156	PRJNA1013297	busco_completeness_below_0.5	angiosperm_leaf_20260928
SRR29366288	160569	PRJNA1013298	busco_completeness_below_0.5	angiosperm_leaf_20260928
SRR29366291	251271	PRJNA1013301	busco_completeness_below_0.5	angiosperm_leaf_20260928
SRR29420464	4265	PRJNA1013287	busco_completeness_below_0.5	angiosperm_leaf_20260928
SRR29420473	143180	PRJNA1013290	busco_completeness_below_0.5	angiosperm_leaf_20260928
SRR29701893	3818	PRJNA1128798	busco_completeness_below_0.5	angiosperm_leaf_20260928
SRR29880938	3236929	PRJNA1078428	busco_completeness_below_0.5	angiosperm_leaf_20260928
SRR2988777	39639	PRJNA301357	busco_completeness_below_0.5	angiosperm_leaf_20260928
SRR30037265	85370	PRJNA1141931	busco_completeness_below_0.5	angiosperm_leaf_20260928
SRR30037276	82330	PRJNA1141931	busco_completeness_below_0.5	angiosperm_leaf_20260928
SRR30340041	81800	PRJNA1150547	busco_completeness_below_0.5	angiosperm_leaf_20260928
SRR30428267	1478108	PRJNA1153402	busco_completeness_below_0.5	angiosperm_leaf_20260928
SRR30535823	296043	PRJNA1156236	busco_completeness_below_0.5	angiosperm_leaf_20260928
SRR30540345	4521	PRJNA1156394	busco_completeness_below_0.5	angiosperm_leaf_20260928
SRR30642373	152092	PRJNA1158747	busco_completeness_below_0.5	angiosperm_leaf_20260928
SRR30643802	58708	PRJNA1160175	busco_completeness_below_0.5	angiosperm_leaf_20260928
SRR30643824	2173068	PRJNA1160175	busco_completeness_below_0.5	angiosperm_leaf_20260928
SRR30643825	1155211	PRJNA1160175	busco_completeness_below_0.5	angiosperm_leaf_20260928
SRR30662000	2804882	PRJNA1100306	busco_completeness_below_0.5	angiosperm_leaf_20260928
SRR30662006	1217174	PRJNA1100306	busco_completeness_below_0.5	angiosperm_leaf_20260928
SRR30662011	3140351	PRJNA1100306	busco_completeness_below_0.5	angiosperm_leaf_20260928
SRR30662012	640808	PRJNA1100306	busco_completeness_below_0.5	angiosperm_leaf_20260928
SRR30662026	3140343	PRJNA1100306	busco_completeness_below_0.5	angiosperm_leaf_20260928
SRR30764675	75948	PRJNA1121944	busco_completeness_below_0.5	angiosperm_leaf_20260928
SRR30778084	365763	PRJNA1164320	busco_completeness_below_0.5	angiosperm_leaf_20260928
SRR30905183	741156	PRJNA1160464	busco_completeness_below_0.5	angiosperm_leaf_20260928
SRR30981149	29684	PRJNA1172602	busco_completeness_below_0.5	angiosperm_leaf_20260928
SRR30984889	117951	PRJNA1172678	busco_completeness_below_0.5	angiosperm_leaf_20260928
SRR31113614	20997	PRJNA1177767	busco_completeness_below_0.5	angiosperm_leaf_20260928
SRR31528891	230573	PRJNA1151607	busco_completeness_below_0.5	angiosperm_leaf_20260928
SRR31528903	231484	PRJNA1151607	busco_completeness_below_0.5	angiosperm_leaf_20260928
SRR31620754	228933	PRJNA1194594	busco_completeness_below_0.5	angiosperm_leaf_20260928
SRR31684889	39882	PRJNA1196135	busco_completeness_below_0.5	angiosperm_leaf_20260928
SRR31704435	156476	PRJNA1197736	busco_completeness_below_0.5	angiosperm_leaf_20260928
SRR31704456	180923	PRJNA1197736	busco_completeness_below_0.5	angiosperm_leaf_20260928
SRR31758195	268905	PRJNA1199901	busco_completeness_below_0.5	angiosperm_leaf_20260928
SRR31799974	264428	PRJNA1201547	busco_completeness_below_0.5	angiosperm_leaf_20260928
SRR3187003	1523604	PRJNA312742	busco_completeness_below_0.5	angiosperm_leaf_20260928
SRR32116460	586122	PRJNA1200749	busco_completeness_below_0.5	angiosperm_leaf_20260928
SRR32116461	110746	PRJNA1200749	busco_completeness_below_0.5	angiosperm_leaf_20260928
SRR32116462	40742	PRJNA1200749	busco_completeness_below_0.5	angiosperm_leaf_20260928
SRR32116467	190542	PRJNA1200749	busco_completeness_below_0.5	angiosperm_leaf_20260928
SRR32116469	175099	PRJNA1200749	busco_completeness_below_0.5	angiosperm_leaf_20260928
SRR32116470	1081835	PRJNA1200749	busco_completeness_below_0.5	angiosperm_leaf_20260928
SRR32116471	2946269	PRJNA1200749	busco_completeness_below_0.5	angiosperm_leaf_20260928
SRR32137351	3134017	PRJNA1214546	busco_completeness_below_0.5	angiosperm_leaf_20260928
SRR3226068	203100	PRJNA315183	busco_completeness_below_0.5	angiosperm_leaf_20260928
SRR32372181	13427	PRJNA1223139	busco_completeness_below_0.5	angiosperm_leaf_20260928
SRR32675151	589504	PRJNA1235482	suspected_species_misidentification	angiosperm_leaf_20260928
SRR32693765	688281	PRJNA1235475	suspected_species_misidentification	angiosperm_leaf_20260928
SRR32838628	3158735	PRJNA1237398	busco_completeness_below_0.5	angiosperm_leaf_20260928
SRR32899784	3397162	PRJNA1181828	busco_completeness_below_0.5	angiosperm_leaf_20260928
SRR33121458	4112	PRJNA1237398	busco_completeness_below_0.5	angiosperm_leaf_20260928
SRR33279958	3664	PRJNA1237398	busco_completeness_below_0.5	angiosperm_leaf_20260928
SRR3329206	296719	PRJNA317275	busco_completeness_below_0.5	angiosperm_leaf_20260928
SRR3330396	230574	PRJNA317244	busco_completeness_below_0.5	angiosperm_leaf_20260928
SRR33429932	50225	PRJNA1237398	busco_completeness_below_0.5	angiosperm_leaf_20260928
SRR33429934	37657	PRJNA1237398	busco_completeness_below_0.5	angiosperm_leaf_20260928
SRR33452673	111540	PRJNA1238899	busco_completeness_below_0.5	angiosperm_leaf_20260928
SRR33464612	3143263	PRJNA1258375	busco_completeness_below_0.5	angiosperm_leaf_20260928
SRR33612629	3501	PRJNA1237398	busco_completeness_below_0.5	angiosperm_leaf_20260928
SRR33612633	4079	PRJNA1237398	busco_completeness_below_0.5	angiosperm_leaf_20260928
SRR33619011	99108	PRJNA1237398	busco_completeness_below_0.5	angiosperm_leaf_20260928
SRR33812632	4577	PRJNA1271493	busco_completeness_below_0.5	angiosperm_leaf_20260928
SRR33977004	214693	PRJNA1274833	busco_completeness_below_0.5	angiosperm_leaf_20260928
SRR3406927	254420	PRJNA314823	busco_completeness_below_0.5	angiosperm_leaf_20260928
SRR34110842	317856	PRJNA1281016	busco_completeness_below_0.5	angiosperm_leaf_20260928
SRR34290623	1813069	PRJNA1282292	busco_completeness_below_0.5	angiosperm_leaf_20260928
SRR34290624	1630241	PRJNA1282292	busco_completeness_below_0.5	angiosperm_leaf_20260928
SRR34290625	1813037	PRJNA1282292	busco_completeness_below_0.5	angiosperm_leaf_20260928
SRR34290626	1630248	PRJNA1282292	busco_completeness_below_0.5	angiosperm_leaf_20260928
SRR34290627	1813068	PRJNA1282292	busco_completeness_below_0.5	angiosperm_leaf_20260928
SRR34290628	2799816	PRJNA1282292	busco_completeness_below_0.5	angiosperm_leaf_20260928
SRR34290629	1577576	PRJNA1282292	busco_completeness_below_0.5	angiosperm_leaf_20260928
SRR34290630	106704	PRJNA1282292	busco_completeness_below_0.5	angiosperm_leaf_20260928
SRR34290631	1616488	PRJNA1282292	busco_completeness_below_0.5	angiosperm_leaf_20260928
SRR34290632	2799814	PRJNA1282292	busco_completeness_below_0.5	angiosperm_leaf_20260928
SRR34290633	1813067	PRJNA1282292	busco_completeness_below_0.5	angiosperm_leaf_20260928
SRR34290634	478043	PRJNA1282292	busco_completeness_below_0.5	angiosperm_leaf_20260928
SRR34290635	345151	PRJNA1282292	busco_completeness_below_0.5	angiosperm_leaf_20260928
SRR34290636	3091427	PRJNA1282292	busco_completeness_below_0.5	angiosperm_leaf_20260928
SRR34290637	3445675	PRJNA1282292	busco_completeness_below_0.5	angiosperm_leaf_20260928
SRR34290638	3445676	PRJNA1282292	busco_completeness_below_0.5	angiosperm_leaf_20260928
SRR34290639	3445678	PRJNA1282292	busco_completeness_below_0.5	angiosperm_leaf_20260928
SRR34290640	3091891	PRJNA1282292	busco_completeness_below_0.5	angiosperm_leaf_20260928
SRR34290641	1813053	PRJNA1282292	busco_completeness_below_0.5	angiosperm_leaf_20260928
SRR34290642	3092033	PRJNA1282292	busco_completeness_below_0.5	angiosperm_leaf_20260928
SRR34290643	1341704	PRJNA1282292	busco_completeness_below_0.5	angiosperm_leaf_20260928
SRR34290644	1489629	PRJNA1282292	busco_completeness_below_0.5	angiosperm_leaf_20260928
SRR34290645	1465290	PRJNA1282292	busco_completeness_below_0.5	angiosperm_leaf_20260928
SRR34290646	1603695	PRJNA1282292	busco_completeness_below_0.5	angiosperm_leaf_20260928
SRR34290647	345802	PRJNA1282292	busco_completeness_below_0.5	angiosperm_leaf_20260928
SRR34290648	3084573	PRJNA1282292	busco_completeness_below_0.5	angiosperm_leaf_20260928
SRR34290649	106664	PRJNA1282292	busco_completeness_below_0.5	angiosperm_leaf_20260928
SRR34290650	345815	PRJNA1282292	busco_completeness_below_0.5	angiosperm_leaf_20260928
SRR34290651	478035	PRJNA1282292	busco_completeness_below_0.5	angiosperm_leaf_20260928
SRR34290652	1812990	PRJNA1282292	busco_completeness_below_0.5	angiosperm_leaf_20260928
SRR34290653	280020	PRJNA1282292	busco_completeness_below_0.5	angiosperm_leaf_20260928
SRR34290654	2939468	PRJNA1282292	busco_completeness_below_0.5	angiosperm_leaf_20260928
SRR34290655	2768815	PRJNA1282292	busco_completeness_below_0.5	angiosperm_leaf_20260928
SRR34290656	1621222	PRJNA1282292	busco_completeness_below_0.5	angiosperm_leaf_20260928
SRR34290657	2038667	PRJNA1282292	busco_completeness_below_0.5	angiosperm_leaf_20260928
SRR34290658	2768816	PRJNA1282292	busco_completeness_below_0.5	angiosperm_leaf_20260928
SRR34290659	2038668	PRJNA1282292	busco_completeness_below_0.5	angiosperm_leaf_20260928
SRR34290660	1630250	PRJNA1282292	busco_completeness_below_0.5	angiosperm_leaf_20260928
SRR34290661	1819795	PRJNA1282292	busco_completeness_below_0.5	angiosperm_leaf_20260928
SRR34290662	1813049	PRJNA1282292	busco_completeness_below_0.5	angiosperm_leaf_20260928
SRR34290663	2306259	PRJNA1282292	busco_completeness_below_0.5	angiosperm_leaf_20260928
SRR34290664	2799818	PRJNA1282292	busco_completeness_below_0.5	angiosperm_leaf_20260928
SRR34290665	2799819	PRJNA1282292	busco_completeness_below_0.5	angiosperm_leaf_20260928
SRR34290666	2038669	PRJNA1282292	busco_completeness_below_0.5	angiosperm_leaf_20260928
SRR34290667	2038664	PRJNA1282292	busco_completeness_below_0.5	angiosperm_leaf_20260928
SRR34290668	3091730	PRJNA1282292	busco_completeness_below_0.5	angiosperm_leaf_20260928
SRR34290669	3438685	PRJNA1282292	busco_completeness_below_0.5	angiosperm_leaf_20260928
SRR34290670	1813054	PRJNA1282292	busco_completeness_below_0.5	angiosperm_leaf_20260928
SRR34290671	1813048	PRJNA1282292	busco_completeness_below_0.5	angiosperm_leaf_20260928
SRR34290672	345801	PRJNA1282292	busco_completeness_below_0.5	angiosperm_leaf_20260928
SRR34290673	1621223	PRJNA1282292	busco_completeness_below_0.5	angiosperm_leaf_20260928
SRR34290674	2552194	PRJNA1282292	busco_completeness_below_0.5	angiosperm_leaf_20260928
SRR34290675	1813008	PRJNA1282292	busco_completeness_below_0.5	angiosperm_leaf_20260928
SRR34290676	1813006	PRJNA1282292	busco_completeness_below_0.5	angiosperm_leaf_20260928
SRR34290677	1813051	PRJNA1282292	busco_completeness_below_0.5	angiosperm_leaf_20260928
SRR34290678	3091731	PRJNA1282292	busco_completeness_below_0.5	angiosperm_leaf_20260928
SRR34290679	1812995	PRJNA1282292	busco_completeness_below_0.5	angiosperm_leaf_20260928
SRR34290680	1037062	PRJNA1282292	busco_completeness_below_0.5	angiosperm_leaf_20260928
SRR34290681	1577579	PRJNA1282292	busco_completeness_below_0.5	angiosperm_leaf_20260928
SRR34290682	860327	PRJNA1282292	busco_completeness_below_0.5	angiosperm_leaf_20260928
SRR34290683	280022	PRJNA1282292	busco_completeness_below_0.5	angiosperm_leaf_20260928
SRR34290684	2552201	PRJNA1282292	busco_completeness_below_0.5	angiosperm_leaf_20260928
SRR34290685	3091726	PRJNA1282292	busco_completeness_below_0.5	angiosperm_leaf_20260928
SRR34290686	1813056	PRJNA1282292	busco_completeness_below_0.5	angiosperm_leaf_20260928
SRR34371627	183277	PRJNA1237398	busco_completeness_below_0.5	angiosperm_leaf_20260928
SRR3476466	29780	PRJNA320458	busco_completeness_below_0.5	angiosperm_leaf_20260928
SRR3486361	109068	PRJNA320832	busco_completeness_below_0.5	angiosperm_leaf_20260928
SRR3491932	74690	PRJNA317437	busco_completeness_below_0.5	angiosperm_leaf_20260928
SRR35030388	119235	PRJNA1307760	busco_completeness_below_0.5	angiosperm_leaf_20260928
SRR35143078	4100	PRJNA1311064	busco_completeness_below_0.5	angiosperm_leaf_20260928
SRR3523286	47654	PRJNA321739	busco_completeness_below_0.5	angiosperm_leaf_20260928
SRR3523287	945253	PRJNA321739	busco_completeness_below_0.5	angiosperm_leaf_20260928
SRR35273152	204232	PRJNA1320721	busco_completeness_below_0.5	angiosperm_leaf_20260928
SRR35645576	74656	PRJNA1334460	busco_completeness_below_0.5	angiosperm_leaf_20260928
SRR35736104	3870	PRJNA1336942	busco_completeness_below_0.5	angiosperm_leaf_20260928
SRR35736105	3907	PRJNA1336942	busco_completeness_below_0.5	angiosperm_leaf_20260928
SRR35758276	86312	PRJNA1338701	busco_completeness_below_0.5	angiosperm_leaf_20260928
SRR35838988	52823	PRJNA1345773	busco_completeness_below_0.5	angiosperm_leaf_20260928
SRR35905764	28501	PRJNA1354879	busco_completeness_below_0.5	angiosperm_leaf_20260928
SRR35919770	2741401	PRJNA1355060	busco_completeness_below_0.5	angiosperm_leaf_20260928
SRR36193602	374017	PRJNA1073673	busco_completeness_below_0.5	angiosperm_leaf_20260928
SRR364069	106774	PRJNA76137	busco_completeness_below_0.5	angiosperm_leaf_20260928
SRR36581763	2290778	PRJNA1392671	busco_completeness_below_0.5	angiosperm_leaf_20260928
SRR36698064	587660	PRJNA1304024	busco_completeness_below_0.5	angiosperm_leaf_20260928
SRR36849097	1196506	PRJNA1403392	busco_completeness_below_0.5	angiosperm_leaf_20260928
SRR3696506	89646	PRJNA322032	busco_completeness_below_0.5	angiosperm_leaf_20260928
SRR37095792	189196	PRJNA1418374	busco_completeness_below_0.5	angiosperm_leaf_20260928
SRR37245859	165330	PRJNA1423472	busco_completeness_below_0.5	angiosperm_leaf_20260928
SRR37246170	122532	PRJNA1423472	busco_completeness_below_0.5	angiosperm_leaf_20260928
SRR37246940	105271	PRJNA1423472	busco_completeness_below_0.5	angiosperm_leaf_20260928
SRR37248035	99072	PRJNA1423472	busco_completeness_below_0.5	angiosperm_leaf_20260928
SRR37248334	254779	PRJNA1423472	busco_completeness_below_0.5	angiosperm_leaf_20260928
SRR37248489	218141	PRJNA1423472	busco_completeness_below_0.5	angiosperm_leaf_20260928
SRR37248618	52139	PRJNA1423472	busco_completeness_below_0.5	angiosperm_leaf_20260928
SRR37248672	15304	PRJNA1423472	busco_completeness_below_0.5	angiosperm_leaf_20260928
SRR37248737	36902	PRJNA1423472	busco_completeness_below_0.5	angiosperm_leaf_20260928
SRR37249396	87477	PRJNA1423472	busco_completeness_below_0.5	angiosperm_leaf_20260928
SRR37249704	101992	PRJNA1423472	busco_completeness_below_0.5	angiosperm_leaf_20260928
SRR37317885	2813836	PRJNA1065515	busco_completeness_below_0.5	angiosperm_leaf_20260928
SRR3883620	185002	PRJNA328518	busco_completeness_below_0.5	angiosperm_leaf_20260928
SRR392104	56857	PRJNA80483	busco_completeness_below_0.5	angiosperm_leaf_20260928
SRR4017196	1888176	PRJNA338385	busco_completeness_below_0.5	angiosperm_leaf_20260928
SRR4034942	42345	PRJNA311977	busco_completeness_below_0.5	angiosperm_leaf_20260928
SRR4105779	663336	PRJNA341271	busco_completeness_below_0.5	angiosperm_leaf_20260928
SRR4105783	1001904	PRJNA341271	busco_completeness_below_0.5	angiosperm_leaf_20260928
SRR4333245	82485	PRJNA345073	busco_completeness_below_0.5	angiosperm_leaf_20260928
SRR4473594	688333	PRJNA350749	busco_completeness_below_0.5	angiosperm_leaf_20260928
SRR4473609	159976	PRJNA350768	busco_completeness_below_0.5	angiosperm_leaf_20260928
SRR503601	66262	PRJNA167927	busco_completeness_below_0.5	angiosperm_leaf_20260928
SRR504368	1080340	PRJNA168014	busco_completeness_below_0.5	angiosperm_leaf_20260928
SRR504370	1050722	PRJNA168014	busco_completeness_below_0.5	angiosperm_leaf_20260928
SRR5155379	35708	PRJNA360076	busco_completeness_below_0.5	angiosperm_leaf_20260928
SRR5167034	34199	PRJNA359629	missing_busco_summary	angiosperm_leaf_20260928
SRR5278958	345920	PRJNA376386	busco_completeness_below_0.5	angiosperm_leaf_20260928
SRR5353310	97445	PRJNA379317	busco_completeness_below_0.5	angiosperm_leaf_20260928
SRR5366312	270988	PRJNA380107	busco_completeness_below_0.5	angiosperm_leaf_20260928
SRR5463077	4545	PRJNA383017	busco_completeness_below_0.5	angiosperm_leaf_20260928
SRR5659280	1053288	PRJNA389589	busco_completeness_below_0.5	angiosperm_leaf_20260928
SRR5682048	1094862	PRJNA386743	busco_completeness_below_0.5	angiosperm_leaf_20260928
SRR5682051	37650	PRJNA386743	busco_completeness_below_0.5	angiosperm_leaf_20260928
SRR5682065	184137	PRJNA386743	busco_completeness_below_0.5	angiosperm_leaf_20260928
SRR5807898	85681	PRJNA320985	busco_completeness_below_0.5	angiosperm_leaf_20260928
SRR5807910	55188	PRJNA320985	busco_completeness_below_0.5	angiosperm_leaf_20260928
SRR5883464	36597	PRJNA393405	busco_completeness_below_0.5	angiosperm_leaf_20260928
SRR5997526	1727130	PRJNA311339	busco_completeness_below_0.5	angiosperm_leaf_20260928
SRR5997536	194251	PRJNA311339	busco_completeness_below_0.5	angiosperm_leaf_20260928
SRR6001143	459629	PRJNA397122	busco_completeness_below_0.5	angiosperm_leaf_20260928
SRR6050543	666371	PRJNA407937	busco_completeness_below_0.5	angiosperm_leaf_20260928
SRR6127588	564068	PRJNA412930	busco_completeness_below_0.5	angiosperm_leaf_20260928
SRR619789	665998	PRJNA182108	missing_busco_summary	angiosperm_leaf_20260928
SRR619797	664942	PRJNA182110	busco_completeness_below_0.5	angiosperm_leaf_20260928
SRR6206403	1571165	PRJNA415536	busco_completeness_below_0.5	angiosperm_leaf_20260928
SRR6218424	1056867	PRJNA401220	busco_completeness_below_0.5	angiosperm_leaf_20260928
SRR6221592	158083	PRJNA395007	busco_completeness_below_0.5	angiosperm_leaf_20260928
SRR6221629	65975	PRJNA395007	busco_completeness_below_0.5	angiosperm_leaf_20260928
SRR6221641	192628	PRJNA395007	busco_completeness_below_0.5	angiosperm_leaf_20260928
SRR6269778	307721	PRJNA416167	busco_completeness_below_0.5	angiosperm_leaf_20260928
SRR6374682	82312	PRJNA421868	busco_completeness_below_0.5	angiosperm_leaf_20260928
SRR6374687	101712	PRJNA421868	busco_completeness_below_0.5	angiosperm_leaf_20260928
SRR6378486	1266318	PRJNA422358	busco_completeness_below_0.5	angiosperm_leaf_20260928
SRR6391480	2065111	PRJNA422611	busco_completeness_below_0.5	angiosperm_leaf_20260928
SRR6391487	4158	PRJNA422611	busco_completeness_below_0.5	angiosperm_leaf_20260928
SRR6434974	254777	PRJNA422719	busco_completeness_below_0.5	angiosperm_leaf_20260928
SRR6434977	255350	PRJNA422719	busco_completeness_below_0.5	angiosperm_leaf_20260928
SRR6434982	1076577	PRJNA422719	busco_completeness_below_0.5	angiosperm_leaf_20260928
SRR6434984	175113	PRJNA422719	busco_completeness_below_0.5	angiosperm_leaf_20260928
SRR6434988	133204	PRJNA422719	busco_completeness_below_0.5	angiosperm_leaf_20260928
SRR6434989	105046	PRJNA422719	busco_completeness_below_0.5	angiosperm_leaf_20260928
SRR6434990	213290	PRJNA422719	busco_completeness_below_0.5	angiosperm_leaf_20260928
SRR6434993	452456	PRJNA422719	busco_completeness_below_0.5	angiosperm_leaf_20260928
SRR6434994	137696	PRJNA422719	busco_completeness_below_0.5	angiosperm_leaf_20260928
SRR6434996	306308	PRJNA422719	busco_completeness_below_0.5	angiosperm_leaf_20260928
SRR6434999	16719	PRJNA422719	busco_completeness_below_0.5	angiosperm_leaf_20260928
SRR6435005	91214	PRJNA422719	busco_completeness_below_0.5	angiosperm_leaf_20260928
SRR6435011	715720	PRJNA422719	busco_completeness_below_0.5	angiosperm_leaf_20260928
SRR6435015	654633	PRJNA422719	busco_completeness_below_0.5	angiosperm_leaf_20260928
SRR6435022	487997	PRJNA422719	busco_completeness_below_0.5	angiosperm_leaf_20260928
SRR6435023	213256	PRJNA422719	busco_completeness_below_0.5	angiosperm_leaf_20260928
SRR6435027	488216	PRJNA422719	busco_completeness_below_0.5	angiosperm_leaf_20260928
SRR6435335	427779	PRJNA428216	busco_completeness_below_0.5	angiosperm_leaf_20260928
SRR6454141	70124	PRJNA428769	busco_completeness_below_0.5	angiosperm_leaf_20260928
SRR6516149	200320	PRJNA431533	missing_busco_summary	angiosperm_leaf_20260928
SRR6516157	118700	PRJNA431533	busco_completeness_below_0.5	angiosperm_leaf_20260928
SRR6668197	40247	PRJNA432299	busco_completeness_below_0.5	angiosperm_leaf_20260928
SRR6669847	796729	PRJNA432624	busco_completeness_below_0.5	angiosperm_leaf_20260928
SRR6767531	114844	PRJNA433759	busco_completeness_below_0.5	angiosperm_leaf_20260928
SRR6767535	185653	PRJNA433759	busco_completeness_below_0.5	angiosperm_leaf_20260928
SRR6794435	182321	PRJNA436191	busco_completeness_below_0.5	angiosperm_leaf_20260928
SRR6798190	190249	PRJNA435648	busco_completeness_below_0.5	angiosperm_leaf_20260928
SRR6799516	475907	PRJNA436733	busco_completeness_below_0.5	angiosperm_leaf_20260928
SRR6814488	196582	PRJNA437291	busco_completeness_below_0.5	angiosperm_leaf_20260928
SRR6944332	42035	PRJNA448567	busco_completeness_below_0.5	angiosperm_leaf_20260928
SRR7057949	2172050	PRJNA451306	busco_completeness_below_0.5	angiosperm_leaf_20260928
SRR7218911	1492672	PRJNA473138	busco_completeness_below_0.5	angiosperm_leaf_20260928
SRR7218912	1245226	PRJNA473138	busco_completeness_below_0.5	angiosperm_leaf_20260928
SRR7218913	2204158	PRJNA473138	busco_completeness_below_0.5	angiosperm_leaf_20260928
SRR7221535	397392	PRJNA472200	busco_completeness_below_0.5	angiosperm_leaf_20260928
SRR7346504	110763	PRJNA476257	busco_completeness_below_0.5	angiosperm_leaf_20260928
SRR7366895	40031	PRJNA476540	busco_completeness_below_0.5	angiosperm_leaf_20260928
SRR7366942	52471	PRJNA476150	busco_completeness_below_0.5	angiosperm_leaf_20260928
SRR7412621	1241923	PRJNA477525	busco_completeness_below_0.5	angiosperm_leaf_20260928
SRR7412622	112819	PRJNA477525	busco_completeness_below_0.5	angiosperm_leaf_20260928
SRR7412623	324800	PRJNA477525	busco_completeness_below_0.5	angiosperm_leaf_20260928
SRR7412624	256092	PRJNA477525	busco_completeness_below_0.5	angiosperm_leaf_20260928
SRR7412625	312434	PRJNA477525	busco_completeness_below_0.5	angiosperm_leaf_20260928
SRR7412626	271746	PRJNA477525	busco_completeness_below_0.5	angiosperm_leaf_20260928
SRR7412627	289667	PRJNA477525	busco_completeness_below_0.5	angiosperm_leaf_20260928
SRR7412629	212300	PRJNA477525	busco_completeness_below_0.5	angiosperm_leaf_20260928
SRR7412630	754129	PRJNA477525	busco_completeness_below_0.5	angiosperm_leaf_20260928
SRR7412632	317443	PRJNA477525	busco_completeness_below_0.5	angiosperm_leaf_20260928
SRR7412633	51604	PRJNA477525	busco_completeness_below_0.5	angiosperm_leaf_20260928
SRR7412634	212250	PRJNA477525	busco_completeness_below_0.5	angiosperm_leaf_20260928
SRR7686413	165545	PRJNA485346	busco_completeness_below_0.5	angiosperm_leaf_20260928
SRR7703406	2302845	PRJNA477303	busco_completeness_below_0.5	angiosperm_leaf_20260928
SRR7703420	2302847	PRJNA477303	busco_completeness_below_0.5	angiosperm_leaf_20260928
SRR7796281	2315731	PRJNA489462	busco_completeness_below_0.5	angiosperm_leaf_20260928
SRR7796287	167419	PRJNA489462	busco_completeness_below_0.5	angiosperm_leaf_20260928
SRR7796293	2315732	PRJNA489462	busco_completeness_below_0.5	angiosperm_leaf_20260928
SRR7806558	2305194	PRJNA489714	busco_completeness_below_0.5	angiosperm_leaf_20260928
SRR7806559	330008	PRJNA489714	busco_completeness_below_0.5	angiosperm_leaf_20260928
SRR7806561	992649	PRJNA489714	busco_completeness_below_0.5	angiosperm_leaf_20260928
SRR7842027	946018	PRJNA491228	busco_completeness_below_0.5	angiosperm_leaf_20260928
SRR7842030	204180	PRJNA491229	busco_completeness_below_0.5	angiosperm_leaf_20260928
SRR7848077	714472	PRJNA491242	busco_completeness_below_0.5	angiosperm_leaf_20260928
SRR7896533	2341035	PRJNA491230	busco_completeness_below_0.5	angiosperm_leaf_20260928
SRR7900215	2341036	PRJNA491235	busco_completeness_below_0.5	angiosperm_leaf_20260928
SRR7900860	452789	PRJNA491271	busco_completeness_below_0.5	angiosperm_leaf_20260928
SRR7901036	128733	PRJNA491247	busco_completeness_below_0.5	angiosperm_leaf_20260928
SRR8259246	139772	PRJNA507410	busco_completeness_below_0.5	angiosperm_leaf_20260928
SRR8268746	29729	PRJNA507565	busco_completeness_below_0.5	angiosperm_leaf_20260928
SRR8487543	419125	PRJNA508901	busco_completeness_below_0.5	angiosperm_leaf_20260928
SRR8507959	2510619	PRJNA516950	busco_completeness_below_0.5	angiosperm_leaf_20260928
SRR8508029	884146	PRJNA516950	busco_completeness_below_0.5	angiosperm_leaf_20260928
SRR8528205	85679	PRJNA518132	busco_completeness_below_0.5	angiosperm_leaf_20260928
SRR8616815	126618	PRJNA523989	busco_completeness_below_0.5	angiosperm_leaf_20260928
SRR867057	1336713	PRJNA205183	busco_completeness_below_0.5	angiosperm_leaf_20260928
SRR8674872	2545958	PRJNA313089	busco_completeness_below_0.5	angiosperm_leaf_20260928
SRR8674873	131247	PRJNA313089	busco_completeness_below_0.5	angiosperm_leaf_20260928
SRR8674876	160685	PRJNA313089	busco_completeness_below_0.5	angiosperm_leaf_20260928
SRR8674878	202377	PRJNA313089	busco_completeness_below_0.5	angiosperm_leaf_20260928
SRR8674879	29658	PRJNA313089	busco_completeness_below_0.5	angiosperm_leaf_20260928
SRR8704449	1279044	PRJNA185444	busco_completeness_below_0.5	angiosperm_leaf_20260928
SRR8728253	1505710	PRJNA527013	busco_completeness_below_0.5	angiosperm_leaf_20260928
SRR8750960	190226	PRJNA527868	busco_completeness_below_0.5	angiosperm_leaf_20260928
SRR8863098	2942076	PRJNA531300	busco_completeness_below_0.5	angiosperm_leaf_20260928
SRR8936356	1840594	PRJNA532955	busco_completeness_below_0.5	angiosperm_leaf_20260928
SRR8944297	2099724	PRJNA487526	busco_completeness_below_0.5	angiosperm_leaf_20260928
SRR9004649	1384607	PRJNA540855	busco_completeness_below_0.5	angiosperm_leaf_20260928
SRR9016399	59679	PRJNA484057	busco_completeness_below_0.5	angiosperm_leaf_20260928
SRR9039466	62329	PRJNA542239	busco_completeness_below_0.5	angiosperm_leaf_20260928
SRR9083680	2582708	PRJNA543330	busco_completeness_below_0.5	angiosperm_leaf_20260928
SRR9087155	28527	PRJNA543280	busco_completeness_below_0.5	angiosperm_leaf_20260928
SRR9095474	120385	PRJNA543605	busco_completeness_below_0.5	angiosperm_leaf_20260928
SRR9275647	1262659	PRJNA548367	busco_completeness_below_0.5	angiosperm_leaf_20260928
SRR9670021	1837142	PRJNA554019	suspected_species_misidentification	angiosperm_leaf_20260928
SRR9681919	137893	PRJNA554516	busco_completeness_below_0.5	angiosperm_leaf_20260928
SRR9733220	4097	PRJNA549528	busco_completeness_below_0.5	angiosperm_leaf_20260928
SRR9850087	385388	PRJNA557016	busco_completeness_below_0.5	angiosperm_leaf_20260928
SRR999296	129946	PRJNA219138	busco_completeness_below_0.5	angiosperm_leaf_20260928
