accession	reason
DRR046921	busco_completeness_below_0.5
DRR068959	busco_completeness_below_0.5
DRR181154	busco_completeness_below_0.5
DRR255663	busco_completeness_below_0.5
DRR396287	busco_completeness_below_0.5
DRR491362	busco_completeness_below_0.5
DRR492921	busco_completeness_below_0.5
DRR518379	busco_completeness_below_0.5
DRR620892	busco_completeness_below_0.5
DRR673920	busco_completeness_below_0.5
DRR706890	busco_completeness_below_0.5
DRR764725	busco_completeness_below_0.5
DRR841773	busco_completeness_below_0.5
DRR848194	busco_completeness_below_0.5
ERR10216300	busco_completeness_below_0.5
ERR10496189	busco_completeness_below_0.5
ERR10496282	busco_completeness_below_0.5
ERR10496541	busco_completeness_below_0.5
ERR11182513	busco_completeness_below_0.5
ERR12259820	busco_completeness_below_0.5
ERR13248989	busco_completeness_below_0.5
ERR13317829	busco_completeness_below_0.5
ERR13615214	busco_completeness_below_0.5
ERR15551454	busco_completeness_below_0.5
ERR16650981	busco_completeness_below_0.5
ERR16660979	busco_completeness_below_0.5
ERR16782130	busco_completeness_below_0.5
ERR169806	busco_completeness_below_0.5
ERR2007921	busco_completeness_below_0.5
ERR2007932	busco_completeness_below_0.5
ERR2040117	busco_completeness_below_0.5
ERR2040131	busco_completeness_below_0.5
ERR2040142	busco_completeness_below_0.5
ERR2040148	busco_completeness_below_0.5
ERR2040158	busco_completeness_below_0.5
ERR2040180	busco_completeness_below_0.5
ERR2040187	busco_completeness_below_0.5
ERR2040223	busco_completeness_below_0.5
ERR2040224	busco_completeness_below_0.5
ERR2040225	busco_completeness_below_0.5
ERR2040226	busco_completeness_below_0.5
ERR2040237	busco_completeness_below_0.5
ERR2040251	busco_completeness_below_0.5
ERR2040296	busco_completeness_below_0.5
ERR2040302	busco_completeness_below_0.5
ERR2040303	busco_completeness_below_0.5
ERR2040304	busco_completeness_below_0.5
ERR2040306	busco_completeness_below_0.5
ERR2040307	busco_completeness_below_0.5
ERR2040312	busco_completeness_below_0.5
ERR2040313	busco_completeness_below_0.5
ERR2040314	busco_completeness_below_0.5
ERR2040329	busco_completeness_below_0.5
ERR2040359	busco_completeness_below_0.5
ERR2040363	busco_completeness_below_0.5
ERR2040387	busco_completeness_below_0.5
ERR2040417	busco_completeness_below_0.5
ERR2040420	busco_completeness_below_0.5
ERR2040421	busco_completeness_below_0.5
ERR2040422	busco_completeness_below_0.5
ERR2040424	busco_completeness_below_0.5
ERR2040426	busco_completeness_below_0.5
ERR2040427	busco_completeness_below_0.5
ERR2040428	busco_completeness_below_0.5
ERR2040430	busco_completeness_below_0.5
ERR2040439	busco_completeness_below_0.5
ERR2040440	busco_completeness_below_0.5
ERR2040441	busco_completeness_below_0.5
ERR2040442	busco_completeness_below_0.5
ERR2040444	busco_completeness_below_0.5
ERR2040451	busco_completeness_below_0.5
ERR2040484	busco_completeness_below_0.5
ERR2040503	busco_completeness_below_0.5
ERR2040504	busco_completeness_below_0.5
ERR2040544	busco_completeness_below_0.5
ERR2040564	busco_completeness_below_0.5
ERR2040577	busco_completeness_below_0.5
ERR2040596	busco_completeness_below_0.5
ERR2040630	busco_completeness_below_0.5
ERR2040633	busco_completeness_below_0.5
ERR2040686	busco_completeness_below_0.5
ERR2040687	busco_completeness_below_0.5
ERR2040690	busco_completeness_below_0.5
ERR2040707	busco_completeness_below_0.5
ERR2040722	busco_completeness_below_0.5
ERR2040736	busco_completeness_below_0.5
ERR2040748	busco_completeness_below_0.5
ERR2040756	busco_completeness_below_0.5
ERR2040768	busco_completeness_below_0.5
ERR2040771	busco_completeness_below_0.5
ERR2040790	busco_completeness_below_0.5
ERR3170351	busco_completeness_below_0.5
ERR3487345	busco_completeness_below_0.5
ERR3487348	busco_completeness_below_0.5
ERR3487350	busco_completeness_below_0.5
ERR3487353	busco_completeness_below_0.5
ERR3487372	busco_completeness_below_0.5
ERR3487377	busco_completeness_below_0.5
ERR3487382	busco_completeness_below_0.5
ERR364330	busco_completeness_below_0.5
ERR668843	busco_completeness_below_0.5
ERR668869	busco_completeness_below_0.5
ERR6688729	busco_completeness_below_0.5
ERR9435019	busco_completeness_below_0.5
SRR035184	missing_busco_summary
SRR10397478	busco_completeness_below_0.5
SRR10676745	busco_completeness_below_0.5
SRR10829620	busco_completeness_below_0.5
SRR10895314	busco_completeness_below_0.5
SRR10915646	busco_completeness_below_0.5
SRR10915647	busco_completeness_below_0.5
SRR10915648	busco_completeness_below_0.5
SRR10915649	busco_completeness_below_0.5
SRR11103284	busco_completeness_below_0.5
SRR11126658	busco_completeness_below_0.5
SRR11305035	busco_completeness_below_0.5
SRR11341452	busco_completeness_below_0.5
SRR11487673	busco_completeness_below_0.5
SRR11487676	busco_completeness_below_0.5
SRR11487677	busco_completeness_below_0.5
SRR11487678	busco_completeness_below_0.5
SRR11487679	busco_completeness_below_0.5
SRR11487700	busco_completeness_below_0.5
SRR11487704	busco_completeness_below_0.5
SRR1153471	busco_completeness_below_0.5
SRR11573027	busco_completeness_below_0.5
SRR11573028	busco_completeness_below_0.5
SRR11573030	busco_completeness_below_0.5
SRR11573031	busco_completeness_below_0.5
SRR11573034	busco_completeness_below_0.5
SRR11573074	busco_completeness_below_0.5
SRR11573075	busco_completeness_below_0.5
SRR11573077	busco_completeness_below_0.5
SRR11573083	busco_completeness_below_0.5
SRR11573089	busco_completeness_below_0.5
SRR11573090	busco_completeness_below_0.5
SRR11573091	busco_completeness_below_0.5
SRR11573092	busco_completeness_below_0.5
SRR11573093	busco_completeness_below_0.5
SRR11573094	busco_completeness_below_0.5
SRR11573103	busco_completeness_below_0.5
SRR11573105	busco_completeness_below_0.5
SRR11573114	busco_completeness_below_0.5
SRR11573125	busco_completeness_below_0.5
SRR11573130	busco_completeness_below_0.5
SRR11573131	busco_completeness_below_0.5
SRR11573132	busco_completeness_below_0.5
SRR11573136	busco_completeness_below_0.5
SRR11573137	busco_completeness_below_0.5
SRR11573139	busco_completeness_below_0.5
SRR11573140	busco_completeness_below_0.5
SRR11573141	busco_completeness_below_0.5
SRR11573142	busco_completeness_below_0.5
SRR11573143	busco_completeness_below_0.5
SRR11573144	busco_completeness_below_0.5
SRR11573147	busco_completeness_below_0.5
SRR11573151	busco_completeness_below_0.5
SRR11603223	busco_completeness_below_0.5
SRR1171629	busco_completeness_below_0.5
SRR1171845	busco_completeness_below_0.5
SRR11744220	busco_completeness_below_0.5
SRR1177663	busco_completeness_below_0.5
SRR11829747	busco_completeness_below_0.5
SRR11853650	busco_completeness_below_0.5
SRR11862600	busco_completeness_below_0.5
SRR11862870	busco_completeness_below_0.5
SRR11947064	busco_completeness_below_0.5
SRR11947067	busco_completeness_below_0.5
SRR11947068	busco_completeness_below_0.5
SRR11947069	busco_completeness_below_0.5
SRR1199374	missing_busco_summary
SRR1199375	missing_busco_summary
SRR12007197	busco_completeness_below_0.5
SRR12007203	busco_completeness_below_0.5
SRR12009648	busco_completeness_below_0.5
SRR12009667	busco_completeness_below_0.5
SRR12014228	busco_completeness_below_0.5
SRR12034780	busco_completeness_below_0.5
SRR1206878	busco_completeness_below_0.5
SRR12149014	busco_completeness_below_0.5
SRR12486599	busco_completeness_below_0.5
SRR12513791	busco_completeness_below_0.5
SRR12516448	busco_completeness_below_0.5
SRR12542196	busco_completeness_below_0.5
SRR12578553	busco_completeness_below_0.5
SRR12660995	busco_completeness_below_0.5
SRR12682974	busco_completeness_below_0.5
SRR12698650	busco_completeness_below_0.5
SRR12698703	busco_completeness_below_0.5
SRR12832691	busco_completeness_below_0.5
SRR12887733	busco_completeness_below_0.5
SRR1298998	busco_completeness_below_0.5
SRR13240958	busco_completeness_below_0.5
SRR13338370	busco_completeness_below_0.5
SRR13338408	busco_completeness_below_0.5
SRR13338468	busco_completeness_below_0.5
SRR13338469	busco_completeness_below_0.5
SRR13338486	busco_completeness_below_0.5
SRR13338488	busco_completeness_below_0.5
SRR13338495	busco_completeness_below_0.5
SRR13338497	busco_completeness_below_0.5
SRR13338500	busco_completeness_below_0.5
SRR13338504	busco_completeness_below_0.5
SRR13338505	busco_completeness_below_0.5
SRR13338506	busco_completeness_below_0.5
SRR13338507	busco_completeness_below_0.5
SRR13338508	busco_completeness_below_0.5
SRR13338509	busco_completeness_below_0.5
SRR13338512	busco_completeness_below_0.5
SRR13338516	busco_completeness_below_0.5
SRR13338534	busco_completeness_below_0.5
SRR13338618	busco_completeness_below_0.5
SRR13449998	busco_completeness_below_0.5
SRR13528763	busco_completeness_below_0.5
SRR13528764	busco_completeness_below_0.5
SRR13760201	busco_completeness_below_0.5
SRR13761662	busco_completeness_below_0.5
SRR13767691	busco_completeness_below_0.5
SRR13767936	busco_completeness_below_0.5
SRR13773850	busco_completeness_below_0.5
SRR13782121	busco_completeness_below_0.5
SRR13836938	busco_completeness_below_0.5
SRR13842403	busco_completeness_below_0.5
SRR13856328	busco_completeness_below_0.5
SRR13912249	busco_completeness_below_0.5
SRR14085702	busco_completeness_below_0.5
SRR14144073	busco_completeness_below_0.5
SRR14320406	busco_completeness_below_0.5
SRR14354850	busco_completeness_below_0.5
SRR1438228	busco_completeness_below_0.5
SRR14480052	busco_completeness_below_0.5
SRR14493599	busco_completeness_below_0.5
SRR14561442	busco_completeness_below_0.5
SRR15143244	busco_completeness_below_0.5
SRR15195266	busco_completeness_below_0.5
SRR15195624	busco_completeness_below_0.5
SRR15204660	busco_completeness_below_0.5
SRR15206984	busco_completeness_below_0.5
SRR15221490	busco_completeness_below_0.5
SRR15294823	busco_completeness_below_0.5
SRR15294965	busco_completeness_below_0.5
SRR15295023	busco_completeness_below_0.5
SRR15538961	busco_completeness_below_0.5
SRR15676288	busco_completeness_below_0.5
SRR15693952	busco_completeness_below_0.5
SRR15709775	busco_completeness_below_0.5
SRR15728942	busco_completeness_below_0.5
SRR15890667	busco_completeness_below_0.5
SRR15891021	busco_completeness_below_0.5
SRR15897252	busco_completeness_below_0.5
SRR1592477	missing_busco_summary
SRR16148388	busco_completeness_below_0.5
SRR16148393	busco_completeness_below_0.5
SRR16148394	busco_completeness_below_0.5
SRR16148399	busco_completeness_below_0.5
SRR16148401	busco_completeness_below_0.5
SRR16157109	busco_completeness_below_0.5
SRR16157111	busco_completeness_below_0.5
SRR16157113	busco_completeness_below_0.5
SRR16157120	busco_completeness_below_0.5
SRR16190347	busco_completeness_below_0.5
SRR16508136	busco_completeness_below_0.5
SRR16508332	busco_completeness_below_0.5
SRR1653290	busco_completeness_below_0.5
SRR1653607	busco_completeness_below_0.5
SRR16572822	busco_completeness_below_0.5
SRR16599359	busco_completeness_below_0.5
SRR16757912	busco_completeness_below_0.5
SRR16767625	busco_completeness_below_0.5
SRR16883148	busco_completeness_below_0.5
SRR16889012	busco_completeness_below_0.5
SRR16938193	busco_completeness_below_0.5
SRR16961110	busco_completeness_below_0.5
SRR16991867	busco_completeness_below_0.5
SRR17073187	busco_completeness_below_0.5
SRR1713304	busco_completeness_below_0.5
SRR17179813	busco_completeness_below_0.5
SRR17201904	busco_completeness_below_0.5
SRR17224334	busco_completeness_below_0.5
SRR17245885	busco_completeness_below_0.5
SRR17284690	busco_completeness_below_0.5
SRR17665623	busco_completeness_below_0.5
SRR18094572	busco_completeness_below_0.5
SRR18139183	busco_completeness_below_0.5
SRR18392363	busco_completeness_below_0.5
SRR18449574	busco_completeness_below_0.5
SRR18449582	busco_completeness_below_0.5
SRR18449583	busco_completeness_below_0.5
SRR18449624	busco_completeness_below_0.5
SRR18554143	busco_completeness_below_0.5
SRR18794126	busco_completeness_below_0.5
SRR18904434	busco_completeness_below_0.5
SRR18909619	busco_completeness_below_0.5
SRR18909661	busco_completeness_below_0.5
SRR18909664	busco_completeness_below_0.5
SRR18909666	busco_completeness_below_0.5
SRR18909683	busco_completeness_below_0.5
SRR18909693	busco_completeness_below_0.5
SRR19034919	busco_completeness_below_0.5
SRR19179837	busco_completeness_below_0.5
SRR19179844	busco_completeness_below_0.5
SRR19179857	busco_completeness_below_0.5
SRR19182624	busco_completeness_below_0.5
SRR19237483	busco_completeness_below_0.5
SRR19237484	busco_completeness_below_0.5
SRR19266734	busco_completeness_below_0.5
SRR19266759	busco_completeness_below_0.5
SRR19360591	busco_completeness_below_0.5
SRR19403477	busco_completeness_below_0.5
SRR19403486	busco_completeness_below_0.5
SRR19549402	busco_completeness_below_0.5
SRR19725864	busco_completeness_below_0.5
SRR20083569	busco_completeness_below_0.5
SRR20212004	busco_completeness_below_0.5
SRR2052640	busco_completeness_below_0.5
SRR20727352	busco_completeness_below_0.5
SRR2093712	busco_completeness_below_0.5
SRR21236231	busco_completeness_below_0.5
SRR21427574	busco_completeness_below_0.5
SRR2153899	busco_completeness_below_0.5
SRR21589274	busco_completeness_below_0.5
SRR21619435	busco_completeness_below_0.5
SRR21619438	busco_completeness_below_0.5
SRR21619451	busco_completeness_below_0.5
SRR21901532	busco_completeness_below_0.5
SRR22045962	busco_completeness_below_0.5
SRR22058076	busco_completeness_below_0.5
SRR22114997	busco_completeness_below_0.5
SRR22404876	busco_completeness_below_0.5
SRR22437284	busco_completeness_below_0.5
SRR22827399	busco_completeness_below_0.5
SRR22863580	busco_completeness_below_0.5
SRR22947415	busco_completeness_below_0.5
SRR2296978	busco_completeness_below_0.5
SRR23584197	busco_completeness_below_0.5
SRR23719576	busco_completeness_below_0.5
SRR24181929	busco_completeness_below_0.5
SRR24273507	busco_completeness_below_0.5
SRR24424923	busco_completeness_below_0.5
SRR24630295	busco_completeness_below_0.5
SRR24911327	busco_completeness_below_0.5
SRR24956619	busco_completeness_below_0.5
SRR25056927	busco_completeness_below_0.5
SRR25056929	busco_completeness_below_0.5
SRR25056931	busco_completeness_below_0.5
SRR25056933	busco_completeness_below_0.5
SRR25056935	busco_completeness_below_0.5
SRR25056936	busco_completeness_below_0.5
SRR25056937	busco_completeness_below_0.5
SRR25056939	busco_completeness_below_0.5
SRR25056940	busco_completeness_below_0.5
SRR25056943	busco_completeness_below_0.5
SRR25056944	busco_completeness_below_0.5
SRR25056945	busco_completeness_below_0.5
SRR25212066	busco_completeness_below_0.5
SRR25212107	busco_completeness_below_0.5
SRR25295424	busco_completeness_below_0.5
SRR25342341	busco_completeness_below_0.5
SRR25408041	busco_completeness_below_0.5
SRR25421586	busco_completeness_below_0.5
SRR25458923	busco_completeness_below_0.5
SRR25644120	busco_completeness_below_0.5
SRR25775951	busco_completeness_below_0.5
SRR25870370	busco_completeness_below_0.5
SRR26076561	busco_completeness_below_0.5
SRR26082556	busco_completeness_below_0.5
SRR26392757	busco_completeness_below_0.5
SRR26459358	busco_completeness_below_0.5
SRR26620347	busco_completeness_below_0.5
SRR26620436	busco_completeness_below_0.5
SRR26627467	busco_completeness_below_0.5
SRR26699516	busco_completeness_below_0.5
SRR26858724	busco_completeness_below_0.5
SRR26994926	busco_completeness_below_0.5
SRR27130544	busco_completeness_below_0.5
SRR27211936	busco_completeness_below_0.5
SRR27216483	busco_completeness_below_0.5
SRR27319339	busco_completeness_below_0.5
SRR27341218	busco_completeness_below_0.5
SRR27372010	busco_completeness_below_0.5
SRR2739910	busco_completeness_below_0.5
SRR27460107	busco_completeness_below_0.5
SRR27535887	busco_completeness_below_0.5
SRR27731480	busco_completeness_below_0.5
SRR27885842	busco_completeness_below_0.5
SRR27895355	busco_completeness_below_0.5
SRR27999910	busco_completeness_below_0.5
SRR27999911	busco_completeness_below_0.5
SRR28087327	busco_completeness_below_0.5
SRR28121468	busco_completeness_below_0.5
SRR28121592	busco_completeness_below_0.5
SRR28289108	busco_completeness_below_0.5
SRR28389625	busco_completeness_below_0.5
SRR28413004	missing_busco_summary
SRR28435025	busco_completeness_below_0.5
SRR28533349	busco_completeness_below_0.5
SRR28546375	busco_completeness_below_0.5
SRR28547211	busco_completeness_below_0.5
SRR28547368	busco_completeness_below_0.5
SRR28556911	busco_completeness_below_0.5
SRR28637142	busco_completeness_below_0.5
SRR28673948	busco_completeness_below_0.5
SRR28788848	busco_completeness_below_0.5
SRR28816041	busco_completeness_below_0.5
SRR28816044	busco_completeness_below_0.5
SRR28871495	busco_completeness_below_0.5
SRR28891692	busco_completeness_below_0.5
SRR28891796	busco_completeness_below_0.5
SRR28891797	busco_completeness_below_0.5
SRR28906323	busco_completeness_below_0.5
SRR28906865	busco_completeness_below_0.5
SRR28910061	busco_completeness_below_0.5
SRR28958732	busco_completeness_below_0.5
SRR28958898	busco_completeness_below_0.5
SRR29000694	busco_completeness_below_0.5
SRR29188269	busco_completeness_below_0.5
SRR29188354	busco_completeness_below_0.5
SRR29225315	busco_completeness_below_0.5
SRR29262887	busco_completeness_below_0.5
SRR29262890	busco_completeness_below_0.5
SRR29262975	busco_completeness_below_0.5
SRR29299107	busco_completeness_below_0.5
SRR29299194	busco_completeness_below_0.5
SRR29299200	busco_completeness_below_0.5
SRR29299204	busco_completeness_below_0.5
SRR29299207	busco_completeness_below_0.5
SRR29299214	busco_completeness_below_0.5
SRR29299215	busco_completeness_below_0.5
SRR29299222	busco_completeness_below_0.5
SRR29299227	busco_completeness_below_0.5
SRR29299231	busco_completeness_below_0.5
SRR29299237	busco_completeness_below_0.5
SRR29299415	busco_completeness_below_0.5
SRR29348158	busco_completeness_below_0.5
SRR29348163	busco_completeness_below_0.5
SRR29348423	busco_completeness_below_0.5
SRR29348962	busco_completeness_below_0.5
SRR29353572	busco_completeness_below_0.5
SRR29366249	busco_completeness_below_0.5
SRR29366288	busco_completeness_below_0.5
SRR29366291	busco_completeness_below_0.5
SRR29420464	busco_completeness_below_0.5
SRR29420473	busco_completeness_below_0.5
SRR29701893	busco_completeness_below_0.5
SRR29880938	busco_completeness_below_0.5
SRR2988777	busco_completeness_below_0.5
SRR30037265	busco_completeness_below_0.5
SRR30037276	busco_completeness_below_0.5
SRR30340041	busco_completeness_below_0.5
SRR30428267	busco_completeness_below_0.5
SRR30535823	busco_completeness_below_0.5
SRR30540345	busco_completeness_below_0.5
SRR30642373	busco_completeness_below_0.5
SRR30643802	busco_completeness_below_0.5
SRR30643824	busco_completeness_below_0.5
SRR30643825	busco_completeness_below_0.5
SRR30662000	busco_completeness_below_0.5
SRR30662006	busco_completeness_below_0.5
SRR30662011	busco_completeness_below_0.5
SRR30662012	busco_completeness_below_0.5
SRR30662026	busco_completeness_below_0.5
SRR30764675	busco_completeness_below_0.5
SRR30778084	busco_completeness_below_0.5
SRR30905183	busco_completeness_below_0.5
SRR30981149	busco_completeness_below_0.5
SRR30984889	busco_completeness_below_0.5
SRR31113614	busco_completeness_below_0.5
SRR31528891	busco_completeness_below_0.5
SRR31528903	busco_completeness_below_0.5
SRR31620754	busco_completeness_below_0.5
SRR31684889	busco_completeness_below_0.5
SRR31704435	busco_completeness_below_0.5
SRR31704456	busco_completeness_below_0.5
SRR31758195	busco_completeness_below_0.5
SRR31799974	busco_completeness_below_0.5
SRR3187003	busco_completeness_below_0.5
SRR32116460	busco_completeness_below_0.5
SRR32116461	busco_completeness_below_0.5
SRR32116462	busco_completeness_below_0.5
SRR32116467	busco_completeness_below_0.5
SRR32116469	busco_completeness_below_0.5
SRR32116470	busco_completeness_below_0.5
SRR32116471	busco_completeness_below_0.5
SRR32137351	busco_completeness_below_0.5
SRR3226068	busco_completeness_below_0.5
SRR32372181	busco_completeness_below_0.5
SRR32838628	busco_completeness_below_0.5
SRR32899784	busco_completeness_below_0.5
SRR33121458	busco_completeness_below_0.5
SRR33279958	busco_completeness_below_0.5
SRR3329206	busco_completeness_below_0.5
SRR3330396	busco_completeness_below_0.5
SRR33429932	busco_completeness_below_0.5
SRR33429934	busco_completeness_below_0.5
SRR33452673	busco_completeness_below_0.5
SRR33464612	busco_completeness_below_0.5
SRR33612629	busco_completeness_below_0.5
SRR33612633	busco_completeness_below_0.5
SRR33619011	busco_completeness_below_0.5
SRR33812632	busco_completeness_below_0.5
SRR33977004	busco_completeness_below_0.5
SRR3406927	busco_completeness_below_0.5
SRR34110842	busco_completeness_below_0.5
SRR34290623	busco_completeness_below_0.5
SRR34290624	busco_completeness_below_0.5
SRR34290625	busco_completeness_below_0.5
SRR34290626	busco_completeness_below_0.5
SRR34290627	busco_completeness_below_0.5
SRR34290628	busco_completeness_below_0.5
SRR34290629	busco_completeness_below_0.5
SRR34290630	busco_completeness_below_0.5
SRR34290631	busco_completeness_below_0.5
SRR34290632	busco_completeness_below_0.5
SRR34290633	busco_completeness_below_0.5
SRR34290634	busco_completeness_below_0.5
SRR34290635	busco_completeness_below_0.5
SRR34290636	busco_completeness_below_0.5
SRR34290637	busco_completeness_below_0.5
SRR34290638	busco_completeness_below_0.5
SRR34290639	busco_completeness_below_0.5
SRR34290640	busco_completeness_below_0.5
SRR34290641	busco_completeness_below_0.5
SRR34290642	busco_completeness_below_0.5
SRR34290643	busco_completeness_below_0.5
SRR34290644	busco_completeness_below_0.5
SRR34290645	busco_completeness_below_0.5
SRR34290646	busco_completeness_below_0.5
SRR34290647	busco_completeness_below_0.5
SRR34290648	busco_completeness_below_0.5
SRR34290649	busco_completeness_below_0.5
SRR34290650	busco_completeness_below_0.5
SRR34290651	busco_completeness_below_0.5
SRR34290652	busco_completeness_below_0.5
SRR34290653	busco_completeness_below_0.5
SRR34290654	busco_completeness_below_0.5
SRR34290655	busco_completeness_below_0.5
SRR34290656	busco_completeness_below_0.5
SRR34290657	busco_completeness_below_0.5
SRR34290658	busco_completeness_below_0.5
SRR34290659	busco_completeness_below_0.5
SRR34290660	busco_completeness_below_0.5
SRR34290661	busco_completeness_below_0.5
SRR34290662	busco_completeness_below_0.5
SRR34290663	busco_completeness_below_0.5
SRR34290664	busco_completeness_below_0.5
SRR34290665	busco_completeness_below_0.5
SRR34290666	busco_completeness_below_0.5
SRR34290667	busco_completeness_below_0.5
SRR34290668	busco_completeness_below_0.5
SRR34290669	busco_completeness_below_0.5
SRR34290670	busco_completeness_below_0.5
SRR34290671	busco_completeness_below_0.5
SRR34290672	busco_completeness_below_0.5
SRR34290673	busco_completeness_below_0.5
SRR34290674	busco_completeness_below_0.5
SRR34290675	busco_completeness_below_0.5
SRR34290676	busco_completeness_below_0.5
SRR34290677	busco_completeness_below_0.5
SRR34290678	busco_completeness_below_0.5
SRR34290679	busco_completeness_below_0.5
SRR34290680	busco_completeness_below_0.5
SRR34290681	busco_completeness_below_0.5
SRR34290682	busco_completeness_below_0.5
SRR34290683	busco_completeness_below_0.5
SRR34290684	busco_completeness_below_0.5
SRR34290685	busco_completeness_below_0.5
SRR34290686	busco_completeness_below_0.5
SRR34371627	busco_completeness_below_0.5
SRR3476466	busco_completeness_below_0.5
SRR3486361	busco_completeness_below_0.5
SRR3491932	busco_completeness_below_0.5
SRR35030388	busco_completeness_below_0.5
SRR35143078	busco_completeness_below_0.5
SRR3523286	busco_completeness_below_0.5
SRR3523287	busco_completeness_below_0.5
SRR35273152	busco_completeness_below_0.5
SRR35645576	busco_completeness_below_0.5
SRR35736104	busco_completeness_below_0.5
SRR35736105	busco_completeness_below_0.5
SRR35758276	busco_completeness_below_0.5
SRR35838988	busco_completeness_below_0.5
SRR35905764	busco_completeness_below_0.5
SRR35919770	busco_completeness_below_0.5
SRR36193602	busco_completeness_below_0.5
SRR364069	busco_completeness_below_0.5
SRR36581763	busco_completeness_below_0.5
SRR36698064	busco_completeness_below_0.5
SRR36849097	busco_completeness_below_0.5
SRR3696506	busco_completeness_below_0.5
SRR37095792	busco_completeness_below_0.5
SRR37245859	busco_completeness_below_0.5
SRR37246170	busco_completeness_below_0.5
SRR37246940	busco_completeness_below_0.5
SRR37248035	busco_completeness_below_0.5
SRR37248334	busco_completeness_below_0.5
SRR37248489	busco_completeness_below_0.5
SRR37248618	busco_completeness_below_0.5
SRR37248672	busco_completeness_below_0.5
SRR37248737	busco_completeness_below_0.5
SRR37249396	busco_completeness_below_0.5
SRR37249704	busco_completeness_below_0.5
SRR37317885	busco_completeness_below_0.5
SRR3883620	busco_completeness_below_0.5
SRR392104	busco_completeness_below_0.5
SRR4017196	busco_completeness_below_0.5
SRR4034942	busco_completeness_below_0.5
SRR4105779	busco_completeness_below_0.5
SRR4105783	busco_completeness_below_0.5
SRR4333245	busco_completeness_below_0.5
SRR4473594	busco_completeness_below_0.5
SRR4473609	busco_completeness_below_0.5
SRR503601	busco_completeness_below_0.5
SRR504368	busco_completeness_below_0.5
SRR504370	busco_completeness_below_0.5
SRR5155379	busco_completeness_below_0.5
SRR5167034	missing_busco_summary
SRR5278958	busco_completeness_below_0.5
SRR5353310	busco_completeness_below_0.5
SRR5366312	busco_completeness_below_0.5
SRR5463077	busco_completeness_below_0.5
SRR5659280	busco_completeness_below_0.5
SRR5682048	busco_completeness_below_0.5
SRR5682051	busco_completeness_below_0.5
SRR5682065	busco_completeness_below_0.5
SRR5807898	busco_completeness_below_0.5
SRR5807910	busco_completeness_below_0.5
SRR5883464	busco_completeness_below_0.5
SRR5997526	busco_completeness_below_0.5
SRR5997536	busco_completeness_below_0.5
SRR6001143	busco_completeness_below_0.5
SRR6050543	busco_completeness_below_0.5
SRR6127588	busco_completeness_below_0.5
SRR619789	missing_busco_summary
SRR619797	busco_completeness_below_0.5
SRR6206403	busco_completeness_below_0.5
SRR6218424	busco_completeness_below_0.5
SRR6221592	busco_completeness_below_0.5
SRR6221629	busco_completeness_below_0.5
SRR6221641	busco_completeness_below_0.5
SRR6269778	busco_completeness_below_0.5
SRR6374682	busco_completeness_below_0.5
SRR6374687	busco_completeness_below_0.5
SRR6378486	busco_completeness_below_0.5
SRR6391480	busco_completeness_below_0.5
SRR6391487	busco_completeness_below_0.5
SRR6434974	busco_completeness_below_0.5
SRR6434977	busco_completeness_below_0.5
SRR6434982	busco_completeness_below_0.5
SRR6434984	busco_completeness_below_0.5
SRR6434988	busco_completeness_below_0.5
SRR6434989	busco_completeness_below_0.5
SRR6434990	busco_completeness_below_0.5
SRR6434993	busco_completeness_below_0.5
SRR6434994	busco_completeness_below_0.5
SRR6434996	busco_completeness_below_0.5
SRR6434999	busco_completeness_below_0.5
SRR6435005	busco_completeness_below_0.5
SRR6435011	busco_completeness_below_0.5
SRR6435015	busco_completeness_below_0.5
SRR6435022	busco_completeness_below_0.5
SRR6435023	busco_completeness_below_0.5
SRR6435027	busco_completeness_below_0.5
SRR6435335	busco_completeness_below_0.5
SRR6454141	busco_completeness_below_0.5
SRR6516149	missing_busco_summary
SRR6516157	busco_completeness_below_0.5
SRR6668197	busco_completeness_below_0.5
SRR6669847	busco_completeness_below_0.5
SRR6767531	busco_completeness_below_0.5
SRR6767535	busco_completeness_below_0.5
SRR6794435	busco_completeness_below_0.5
SRR6798190	busco_completeness_below_0.5
SRR6799516	busco_completeness_below_0.5
SRR6814488	busco_completeness_below_0.5
SRR6944332	busco_completeness_below_0.5
SRR7057949	busco_completeness_below_0.5
SRR7218911	busco_completeness_below_0.5
SRR7218912	busco_completeness_below_0.5
SRR7218913	busco_completeness_below_0.5
SRR7221535	busco_completeness_below_0.5
SRR7346504	busco_completeness_below_0.5
SRR7366895	busco_completeness_below_0.5
SRR7366942	busco_completeness_below_0.5
SRR7412621	busco_completeness_below_0.5
SRR7412622	busco_completeness_below_0.5
SRR7412623	busco_completeness_below_0.5
SRR7412624	busco_completeness_below_0.5
SRR7412625	busco_completeness_below_0.5
SRR7412626	busco_completeness_below_0.5
SRR7412627	busco_completeness_below_0.5
SRR7412629	busco_completeness_below_0.5
SRR7412630	busco_completeness_below_0.5
SRR7412632	busco_completeness_below_0.5
SRR7412633	busco_completeness_below_0.5
SRR7412634	busco_completeness_below_0.5
SRR7686413	busco_completeness_below_0.5
SRR7703406	busco_completeness_below_0.5
SRR7703420	busco_completeness_below_0.5
SRR7796281	busco_completeness_below_0.5
SRR7796287	busco_completeness_below_0.5
SRR7796293	busco_completeness_below_0.5
SRR7806558	busco_completeness_below_0.5
SRR7806559	busco_completeness_below_0.5
SRR7806561	busco_completeness_below_0.5
SRR7842027	busco_completeness_below_0.5
SRR7842030	busco_completeness_below_0.5
SRR7848077	busco_completeness_below_0.5
SRR7896533	busco_completeness_below_0.5
SRR7900215	busco_completeness_below_0.5
SRR7900860	busco_completeness_below_0.5
SRR7901036	busco_completeness_below_0.5
SRR8259246	busco_completeness_below_0.5
SRR8268746	busco_completeness_below_0.5
SRR8487543	busco_completeness_below_0.5
SRR8507959	busco_completeness_below_0.5
SRR8508029	busco_completeness_below_0.5
SRR8528205	busco_completeness_below_0.5
SRR8616815	busco_completeness_below_0.5
SRR867057	busco_completeness_below_0.5
SRR8674872	busco_completeness_below_0.5
SRR8674873	busco_completeness_below_0.5
SRR8674876	busco_completeness_below_0.5
SRR8674878	busco_completeness_below_0.5
SRR8674879	busco_completeness_below_0.5
SRR8704449	busco_completeness_below_0.5
SRR8728253	busco_completeness_below_0.5
SRR8750960	busco_completeness_below_0.5
SRR8863098	busco_completeness_below_0.5
SRR8936356	busco_completeness_below_0.5
SRR8944297	busco_completeness_below_0.5
SRR9004649	busco_completeness_below_0.5
SRR9016399	busco_completeness_below_0.5
SRR9039466	busco_completeness_below_0.5
SRR9083680	busco_completeness_below_0.5
SRR9087155	busco_completeness_below_0.5
SRR9095474	busco_completeness_below_0.5
SRR9275647	busco_completeness_below_0.5
SRR9681919	busco_completeness_below_0.5
SRR9733220	busco_completeness_below_0.5
SRR9850087	busco_completeness_below_0.5
SRR999296	busco_completeness_below_0.5
SRR32675151	suspected_species_misidentification
SRR32693765	suspected_species_misidentification
SRR9670021	suspected_species_misidentification
